"p","alpha","alpha.gamma","f6","f10","f17","f21"
0,0,0,0,0,0,0
0.002,3.09160628461109e-13,9.26335005172349e-11,3.08364475505689e-13,5.27191043078928e-23,3.08220337347096e-42,4.36889260200272e-55
0.004,1.90957853020245e-11,2.85729359213218e-09,1.89972815753974e-11,5.23841542694317e-20,3.9755900484565e-37,9.0890075946966e-49
0.006,2.09909395518367e-10,2.09132925128314e-08,2.08282550752668e-10,2.93101618680624e-18,3.85451168481396e-34,4.49718848906294e-45
0.008,1.1381112775321e-09,8.49380288146126e-08,1.12633031878489e-09,5.04992466464615e-17,5.0458018418478e-32,1.87566688151861e-42
0.01,4.18927686879083e-09,2.49812154588257e-07,4.13497396229711e-09,4.56286758887844e-16,2.20489844733551e-30,2.01725162100001e-40
0.012,1.20696544140419e-08,5.99041307808151e-07,1.18815610887644e-08,2.7407951453209e-15,4.81330934792032e-29,9.20562416421787e-39
0.014,2.9364196148798e-08,1.24768160124228e-06,2.88292722717621e-08,1.24206415333075e-14,6.50877053564387e-28,2.3249611687216e-37
0.016,6.31228802520136e-08,2.34397548779082e-06,6.18060299415651e-08,4.57969177768198e-14,6.19879861680814e-27,3.80819627800335e-36
0.018,1.2345072342486e-07,4.06988545776119e-06,1.20547270251738e-07,1.44247174475266e-13,4.51680689651502e-26,4.48113319696654e-35
0.02,2.2408108416088e-07,6.64069519262909e-06,2.18212434196522e-07,4.01237059611103e-13,2.66456038435609e-25,4.06212708610865e-34
0.022,3.82915612268705e-07,1.03038312312472e-05,3.71859094745792e-07,1.0092983821794e-12,1.32496207407093e-24,2.98161120024801e-33
0.024,6.22517545519512e-07,1.53370428299682e-05,6.02862218998348e-07,2.33652067989217e-12,5.72132587886752e-24,1.8384619308937e-32
0.026,9.70548021877469e-07,2.20460634521614e-05,9.37269209944782e-07,5.0446121315475e-12,2.1944495724643e-23,9.79254170083233e-32
0.028,1.46013769611976e-06,3.07618641421616e-05,1.40608412008152e-06,1.02632340836111e-11,7.60893172314741e-23,4.60471772580453e-31
0.03,2.13018825137094e-06,4.1837596863424e-05,2.04547681479171e-06,1.9838028427907e-11,2.41847854626611e-22,1.94469985094203e-30
0.032,3.02560040597995e-06,5.56453146526843e-05,2.89691492049127e-06,3.66724639145931e-11,7.12622490689423e-22,7.47946042647114e-30
0.034,4.19742675936906e-06,7.25725451058269e-05,4.00721815199076e-06,6.51862523773509e-11,1.96456153203526e-21,2.64962893795527e-29
0.036,5.70294932047055e-06,9.30187842139126e-05,5.42853610402818e-06,1.11915557715262e-10,5.1058237498079e-21,8.72730083212446e-29
0.038,7.60568284108706e-06,0.000117391968858684,7.21825184002576e-06,1.86282472581215e-10,1.25900876512775e-20,2.69386055927566e-28
0.04,9.97530615444771e-06,0.000146104978307431,9.43881464135014e-06,3.01563208906947e-10,2.96139781590681e-20,7.84447791734495e-28
0.042,1.28875246154756e-05,0.000179572207771058,1.21575061153569e-05,4.7608608400919e-10,6.67527319089618e-20,2.16728701709969e-27
0.044,1.64238674716106e-05,0.000218206250462511,1.54461445211641e-05,7.34691636641479e-10,1.44765699553686e-19,5.70896091923278e-27
0.046,2.06714245779606e-05,0.000262414718573211,1.93807326776479e-05,1.11048803722898e-09,3.03093882646246e-19,1.43988318111774e-26
0.048,2.57225273234358e-05,0.00031259722813294,2.40410551862708e-05,1.64693533183802e-09,6.14474206346364e-19,3.49006144557184e-26
0.05,3.16743789695642e-05,0.000369142567795442,2.9510230948269e-05,2.40029195641264e-09,1.20944451947419e-18,8.15612375736232e-26
0.052,3.86286398340643e-05,0.000432426067161758,3.58742270963162e-05,3.44245636066545e-09,2.3164907766455e-18,1.84298949780051e-25
0.054,4.6690972889111e-05,0.000502807176281549,4.32213405086567e-05,4.86423548175256e-09,4.32643360298899e-18,4.03694466603433e-25
0.056,5.59705554008115e-05,0.00058062726442672,5.16416530412995e-05,6.77907020602969e-09,7.893678758411e-18,8.59123975564197e-25
0.058,6.65795622220227e-05,0.000666207643080596,6.12264665125198e-05,9.32724585946498e-09,1.4092568282247e-17,1.77996216382752e-24
0.06,7.86326262747725e-05,0.000759847815300497,7.20677233139134e-05,1.26806131870763e-08,2.46547793526346e-17,3.59672279358974e-24
0.062,9.22462816299392e-05,0.000861823951163855,8.4257418312993e-05,1.70478422386794e-08,4.23241712909115e-17,7.09996369030729e-24
0.064,0.000107538394418393,0.000972387586872051,9.78870074622122e-05,2.2680228097567e-08,7.13794804429169e-17,1.37120422690768e-23
0.066,0.000124627586596838,0.00109176454323702,0.000113046818246054,2.98780635008891e-08,1.18393796971212e-16,2.59435525862541e-23
0.068,0.000143632657349679,0.00122015405769001,0.00012982546678827,3.89975891403681e-08,1.9332403440882e-16,4.81470974715156e-23
0.07,0.000164672006641421,0.0013577281226077,0.000148309286111708,5.04585278383873e-08,3.11055083658644e-16,8.77424848239839e-23
0.072,0.00018786306514774,0.0015046310216277,0.000168581769698907,6.47522039095738e-08,4.93563782601017e-16,1.57178675459949e-22
0.074,0.000213321734492473,0.00166097905470325,0.000190723034147726,8.24502438865625e-08,7.72919321102285e-16,2.77031629030216e-22
0.076,0.000241161841406598,0.001826860441908,0.000214809304357043,1.04213849457668e-07,1.19540171176933e-15,4.80831174822857e-22
0.078,0.000271494609107855,0.00200233539542892,0.000240912424316827,1.30803627982167e-07,1.82710139427853e-15,8.22488123259292e-22
0.08,0.000304428148879471,0.00218743634876173,0.000269099396218109,1.6308996036532e-07,2.76146429627563e-15,1.38758734687937e-21
0.082,0.000340066974506563,0.00238216833183528,0.000299431950244365,2.0206388044006e-07,4.12937168008185e-15,2.310366717435e-21
0.084,0.000378511541911957,0.00258650948062349,0.00033196614705925,2.48848434365363e-07,6.11249739789649e-15,3.79897291033789e-21
0.086,0.000419857816021752,0.00280041166974379,0.000366752014668531,3.04710482962118e-07,8.96087196086214e-15,6.17264859819609e-21
0.088,0.000464196866587014,0.00302380125657677,0.000403833221008412,3.7107290441423e-07,1.3015809032952e-14,9.91595993156493e-21
0.09,0.000511614494393347,0.00325657992556161,0.000443246783299641,4.49527149412844e-07,1.87396223227353e-14,1.5757146115941e-20
0.092,0.000562190889006101,0.00349862562151607,0.000485022814908229,5.41846095660314e-07,2.67538869683384e-14,2.47803287156456e-20
0.094,0.000616000318927121,0.00374979356108739,0.000529184310170187,6.49997143721268e-07,3.78883879388048e-14,3.85848673053105e-20
0.096,0.000673110854779978,0.00400991731175377,0.000575746967370228,7.76155491551464e-07,5.32433582685974e-14,5.9509857519871e-20
0.098,0.000733584125895572,0.00427880992815556,0.000624719049813491,9.22717520690029e-07,7.42681527490101e-14,9.09479751487909e-20
0.1,0.000797475110439366,0.00455626513593484,0.000676101284695333,1.09231422310174e-06,1.028601398295e-13,1.37781e-19
0.102,0.00086483195900584,0.00484205855369286,0.00072988679925746,1.28782459403649e-06,1.41488338975425e-13,2.06979936038525e-19
0.104,0.000935695851405211,0.00513594894413237,0.00078606109351905,1.51238891306158e-06,1.93347196932366e-13,3.08426338860413e-19
0.106,0.00101010088618237,0.00543767948592842,0.000844602048689157,1.76942183264527e-06,2.62546899979894e-13,4.56029083044264e-19
0.108,0.00108807400223826,0.00574697905836358,0.000905479970201324,2.0626251913491e-06,3.54347777475956e-13,6.69233353662116e-19
0.11,0.00116963493176947,0.00606356353126468,0.000968657664162737,2.39600046684131e-06,4.75447683453792e-13,9.75047357472052e-19
0.112,0.00125479618360267,0.00638713705328553,0.00103409054587811,2.77386078258918e-06,6.34332767949399e-13,1.41074861937782e-18
0.114,0.00134356305587599,0.00671739333208886,0.00110172677899223,3.20084238123627e-06,8.41703789930331e-13,2.02747757953052e-18
0.116,0.00143593367690965,0.0070540169004875,0.0011715074436945,3.68191547733016e-06,1.11099210263926e-12,2.89498373829839e-18
0.118,0.00153189907301255,0.00739668436310668,0.00124336673234296,4.22239440224044e-06,1.45898168502149e-12,4.10786146330882e-18
0.12,0.00163144326188923,0.00774506561862332,0.00131723217079395,4.82794695480024e-06,1.90655612655552e-12,5.79370195863748e-18
0.122,0.00173454337024297,0.00809882505312234,0.00139302486366593,5.50460287241054e-06,2.47959232586821e-12,8.12369860744594e-18
0.124,0.00184116977411418,0.00845762270058126,0.00147065976172131,6.25876133906533e-06,3.21002586635554e-12,1.13263794705836e-17
0.126,0.00195128626044931,0.0088211153669522,0.00155004594951799,7.09719744897375e-06,4.13711661675453e-12,1.57053085382692e-17
0.128,0.00206485020836216,0.0091889577147515,0.00163108695146179,8.02706754716503e-06,5.30894710505694e-12,2.16618027595326e-17
0.13,0.00218181278852765,0.00956080330549322,0.00171368105438146,9.05591337164774e-06,6.78419066585767e-12,2.97239624266104e-17
0.132,0.00230211917913592,0.00993630559770779,0.00179772164474872,1.01916649253393e-05,8.6341913013852e-12,4.05836170003583e-17
0.134,0.00242570879683214,0.0103151188986771,0.001883097558676,1.14426420100662e-05,1.09454026638604e-11,5.51431572788689e-17
0.136,0.00255251554107342,0.0106968992683833,0.00196969344284394,1.28175543594382e-05,1.38222396017958e-11,7.45746700309175e-17
0.138,0.00268246805034891,0.0110813053745185,0.00205739012453793,1.43255003122959e-05,1.73904023571406e-11,1.00394326933316e-16
0.14,0.00281548996873083,0.0114679992977303,0.00214606498900778,1.59759639736977e-05,2.18007407968809e-11,1.34555622244749e-16
0.142,0.0029515002212528,0.0118566472865837,0.00223559236240639,1.77788108160152e-05,2.72337340561176e-11,1.79565822097812e-16
0.144,0.00309041329664698,0.0122469204620088,0.00232584389861085,1.97442816786273e-05,3.3904669705118e-11,2.38630904532243e-16
0.146,0.0032321395360118,0.0126384954712689,0.00241668896828288,2.18829851308978e-05,4.20696160766211e-11,3.15835358715113e-16
0.148,0.00337658542602774,0.0130310550917283,0.00250799504858349,2.4205888169571e-05,5.20322917487438e-11,4.16364503279713e-16
0.15,0.00352365389538825,0.013424288784927,0.00259962811201944,2.67243052283844e-05,6.41519474206508e-11,5.46778510726184e-16
0.152,0.00367324461316672,0.0138178932016751,0.00269145301296477,2.94498854845426e-05,7.88523875905129e-11,7.15349125545206e-16
0.154,0.00382525428789754,0.0142115726390637,0.0027833338704705,3.23945984536972e-05,9.66322725959601e-11,9.32472181748573e-16
0.156,0.00397957696620842,0.0146050394504625,0.00287513444604724,3.55707178721822e-05,1.18076855753897e-10,1.21117151048598e-15
0.158,0.00413610432990396,0.0149980144097193,0.00296671851517944,3.89908038724568e-05,1.43871325586231e-10,1.56771273685859e-15
0.16,0.00429472599046323,0.0153902270309124,0.00305795023140591,4.26676834649301e-05,1.74815939487105e-10,2.02234886095418e-15
0.162,0.00445532977998007,0.0157814158451213,0.00314869448187816,4.66144293466075e-05,2.11843152720806e-10,2.60022347402821e-15
0.164,0.00461780203763997,0.0161713286357803,0.00323881723338561,5.08443370642094e-05,2.56036965381353e-10,3.33246205854038e-15
0.166,0.00478202789089442,0.0165597226342651,0.00332818586791494,5.53709005665951e-05,3.08654729936589e-10,4.25748715276797e-15
0.168,0.00494789153055988,0.0169463646774307,0.003416669506889,6.0207786188395e-05,3.71151683261446e-10,5.42259933085642e-15
0.17,0.00511527647913472,0.0173310313288748,0.00350413932330837,6.53688051137251e-05,4.45208489673465e-10,6.88587307412411e-15
0.172,0.00528406585169371,0.0177135089657436,0.00359046884109562,7.08678843756517e-05,5.3276210545321e-10,8.71842482002621e-15
0.174,0.00545414260878389,0.0180935938329276,0.00367553422101888,7.67190364537138e-05,6.3604030069307e-10,1.1007119917763e-14
0.176,0.00562538980081011,0.0184710920665113,0.00375921453264582,8.29363275382135e-05,7.57600201097265e-10,1.38577960575914e-14
0.178,0.00579769080346047,0.0188458196883525,0.0038413920118529,8.95338445361673e-05,9.0037124057554e-10,1.73990931567338e-14
0.18,0.00597092954378275,0.019217602573659,0.00392195230348637,9.65256608997171e-05,1.06770294515104e-09,2.17869938812992e-14
0.182,0.00614499071658231,0.0195862763934258,0.00400078468884144,0.000103925801363428,1.26341799985154e-09,2.72101951862816e-14
0.184,0.00631975999086845,0.01995168653357,0.00407778229769386,0.0001117482056822,1.49187108287831e-09,3.38964497146242e-14
0.186,0.00649512420613149,0.0203136879925766,0.00415284230468369,0.00012000669146651,1.75801398545017e-09,4.2120036888558e-14
0.188,0.00667097155828539,0.0206721452594321,0.00422586610991408,0.0001287149162163,2.06746757129373e-09,5.22105473583035e-14
0.19,0.00684719177516082,0.0210269321735825,0.00429675950368888,0.000137886338659118,2.42660116678175e-09,6.45631914829927e-14
0.192,0.00702367628148163,0.0213779317686051,0.00436543281537074,0.000147534179501921,2.8426200111885e-09,7.96508730792166e-14
0.194,0.00720031835330262,0.021725036101232,0.00443180104639672,0.000157671381709496,3.32366143640368e-09,9.80383041943567e-14
0.196,0.00737701326192929,0.0220681460673077,0.00449578398754137,0.0001683105704254,3.87890048668719e-09,1.20398475595961e-13
0.198,0.0075536584073802,0.0224071712062024,0.00455730632056672,0.000179464012654053,4.51866573160895e-09,1.4753184150995e-13
0.2,0.0077301534414896,0.0227420294951403,0.00461629770444581,0.000191143576824709,5.25456606914151e-09,1.80388626432e-13
0.202,0.00790640038078289,0.0230726471348364,0.00467269284639048,0.000203360692359867,6.09962936089462e-09,2.20094717171883e-13
0.204,0.00808230370928906,0.0233989583277682,0.00472643155795526,0.000216126309371916,7.06845378762013e-09,2.6798166531874e-13
0.206,0.00825777047148362,0.0237209050503375,0.00477745879652767,0.000229450858612729,8.17737286028335e-09,3.25621394744517e-13
0.208,0.00843271035558195,0.0240384368201101,0.00482572469255059,0.000243344211801294,9.44463507009725e-09,3.94866286364979e-13
0.21,0.00860703576742694,0.0243515104592464,0.00487118456285502,0.000257815642454434,1.08905992098314e-08,4.77895398992934e-13
0.212,0.00878066189523634,0.0246600898551684,0.00491379891051136,0.000272873787345211,1.25379464483192e-08,5.77267681659904e-13
0.214,0.00895350676549362,0.0249641457194326,0.00495353341163422,0.00028852660871265,1.44119102902562e-08,6.95983140241751e-13
0.216,0.00912549129028318,0.0252636553457128,0.00499035888960031,0.000304781357345094,1.65405256039629e-08,8.37553040675621e-13
0.218,0.00929653930638398,0.0255586023677218,0.00502425127716012,0.000321644536657666,1.89548979506101e-08,1.00608036366389e-12
0.22,0.00946657760644845,0.0258489765178341,0.00505519156694364,0.000339121867882169,2.16894944993082e-08,1.20635187278433e-12
0.222,0.00963553596260176,0.0261347733871056,0.00508316575087625,0.000357218256485065,2.47824578632484e-08,1.4439433207239e-12
0.224,0.00980334714280521,0.0264159941873157,0.00510816474903531,0.000375937759926236,2.8275944242553e-08,1.72533949839308e-12
0.226,0.00996994692033204,0.0266926455155989,0.00513018432848934,0.000395283556867767,3.22164873094339e-08,2.058071030539e-12
0.228,0.0101352740767078,0.0269647391221646,0.00514922501267091,0.000415257917938261,3.66553893204452e-08,2.45087004085921e-12
0.23,0.010299270398469,0.0272322916815488,0.00516529198184165,0.000435862178154084,4.16491409887936e-08,2.91384705135249e-12
0.232,0.0104618806680938,0.0274953245677811,0.00517839496521242,0.000457096711094448,4.72598716966057e-08,3.45869174669013e-12
0.234,0.0106230526494565,0.0277538636337956,0.00518854812528471,0.000478960904922484,5.35558316724588e-08,4.09890052685736e-12
0.236,0.0107827370681552,0.0280079389953619,0.00519576993498032,0.000501453140339395,6.06119078030878e-08,4.85003409245321e-12
0.238,0.0109408875870564,0.028257584819764,0.0052000830481252,0.000524570770553408,6.85101747896953e-08,5.73000865925988e-12
0.24,0.0110974607773951,0.0285028391194039,0.00520151416385111,0.000548310103339608,7.73404833983945e-08,6.75942478457965e-12
0.242,0.0112524160857621,0.028743743550468,0.00520009388547385,0.000572666385260934,8.72010875907278e-08,7.96193821013846e-12
0.244,0.0114057157973026,0.0289803432167479,0.00519585657440145,0.000597633788114503,9.81993123535219e-08,9.36467758800345e-12
0.246,0.0115573249954382,0.0292126864786712,0.00518884019961815,0.000623205397661166,1.10452264077332e-07,1.09987144600869e-11
0.248,0.0117072115184196,0.0294408247675632,0.0051790861832811,0.000649373204689783,1.2408758535893e-07,1.28995914117283e-11
0.25,0.011855345913002,0.0296648124051248,0.00516663924295723,0.00067612809846107,1.39244256125437e-07,1.51079149190992e-11
0.252,0.012001701385526,0.0298847064280849,0.00515154723101612,0.000703459862569232,1.56073442995365e-07,1.76700200625078e-11
0.254,0.0121462537506758,0.030100566417956,0.00513386097168264,0.000731357173252646,1.74739398804658e-07,2.06387149870712e-11
0.256,0.012288981378171,0.0303124543358013,0.00511363409624024,0.000759807600178115,1.95420414233452e-07,2.40741137628761e-11
0.258,0.0124298651376397,0.0305204343618946,0.00509092287686106,0.000788797609716112,2.18309823471262e-07,2.80445671331343e-11
0.26,0.0125688883419045,0.0307245727401415,0.0050657860595248,0.000818312570717527,2.43617065854278e-07,3.2627701545649e-11
0.262,0.0127060366889005,0.0309249376271086,0.00503828469647211,0.000848336762795406,2.71568805398151e-07,3.79115778451117e-11
0.264,0.0128412982024328,0.0311215989454987,0.00500848197862249,0.000878853387108127,3.02410110132281e-07,4.39959820666122e-11
0.266,0.0129746631719645,0.0313146282418943,0.00497644306836962,0.000909844579633596,3.36405693117428e-07,5.09938619197447e-11
0.268,0.0131061240916167,0.0315040985485873,0.0049422349331497,0.000941291426917031,3.73841216996279e-07,5.90329237936691e-11
0.27,0.0132356755985443,0.0316900842493005,0.00490592618016119,0.000973173984268149,4.15024663886733e-07,6.82574064525275e-11
0.272,0.013363314410843,0.0318726609486077,0.00486758689259567,0.00100547129637682,4.60287772379216e-07,7.88300490341248e-11
0.274,0.0134890392651264,0.0320519053448525,0.004827288467722,0.0010381614203096,5.09987543342172e-07,9.0934272519479e-11
0.276,0.0136128508539006,0.032227895106368,0.00478510345714704,0.00107122145084317,5.64507816173503e-07,1.04776595513744e-10
0.278,0.0137347517628532,0.0324007087507972,0.00474110540955797,0.00110462754808427,6.24260917059864e-07,1.20589306977505e-10
0.28,0.0138547464081582,0.032570425527322,0.0046953687162325,0.00113835496731964,6.89689380719849e-07,1.38633420479173e-10
0.282,0.0139728409738898,0.032737125301607,0.0046479684595848,0.00117237809103359,7.61267747011052e-07,1.59201936612213e-10
0.284,0.0140890433496264,0.0329008884432756,0.00459898026499634,0.00120667046302483,8.39504433674236e-07,1.82623442443607e-10
0.286,0.0142033630683133,0.0330617957157388,0.00454848015616256,0.00124120482454913,9.24943686370213e-07,2.0926607924091e-10
0.288,0.0143158112444467,0.0332199281682082,0.00449654441416794,0.00127595315240843,1.01816760703608e-06,2.39541912273658e-10
0.29,0.014426400512628,0.0333753670297329,0.00444324944048399,0.0013108866989027,1.11979826144709e-06,2.73911739210026e-10
0.292,0.0145351449665302,0.0335281936051098,0.00438867162406705,0.0013459760335556,1.23049986671801e-06,3.12890376541319e-10
0.294,0.0146420600983112,0.0336784891725301,0.00433288721271511,0.00138119108652058,1.35098105931349e-06,3.57052466575173e-10
0.296,0.0147471627384976,0.0338263348828339,0.00427597218882567,0.00141650119357011,1.48199724396063e-06,4.07038850853755e-10
0.298,0.0148504709963592,0.0339718116602603,0.00421800214968015,0.00145187514256648,1.62435302366717e-06,4.63563559386412e-10
0.3,0.0149520042007844,0.0341150001045908,0.00415905219236357,0.00148728122130919,1.77890471084773e-06,5.27421468848463e-10
0.302,0.0150517828416638,0.0342559803945995,0.00409919680341249,0.0015226872666508,1.94656291934517e-06,5.99496686900448e-10
0.304,0.0151498285117812,0.0343948321927356,0.00403850975326842,0.00155806071476971,2.12829523690742e-06,6.80771724036973e-10
0.306,0.0152461638492087,0.0345316345509797,0.00397706399559926,0.00159336865248622,2.32512897743905e-06,7.72337518893602e-10
0.308,0.0153408124801968,0.0346664658178271,0.0039149315715362,0.00162857786950551,2.53815401209399e-06,8.75404387735993e-10
0.31,0.0154337989625483,0.0347994035463665,0.0038521835188598,0.00166365491146943,2.76852567800898e-06,9.91313973941088e-10
0.312,0.0155251487294604,0.034930524403439,0.00378888978615549,0.00169856613369712,3.0174677631983e-06,1.12155227866786e-09
0.314,0.0156148880338184,0.035059904079871,0.00372511915194535,0.00173327775549354,3.28627556583802e-06,1.26776385961866e-09
0.316,0.0157030438929212,0.0351876172017928,0.00366093914879101,0.00176775591490355,3.57631902586322e-06,1.43176729082511e-09
0.318,0.0157896440336195,0.0353137372430662,0.00359641599235024,0.00180196672378887,3.8890459264841e-06,1.61557198276768e-09
0.32,0.0158747168378444,0.035438336438857,0.00353161451535883,0.00183587632310489,4.22598516289752e-06,1.82139646887108e-09
0.322,0.0159582912885059,0.0355614857004034,0.00346659810649826,0.00186945093825422,4.58875007512841e-06,2.05168827152041e-09
0.324,0.0160403969157399,0.0356832545310376,0.00340142865409984,0.00190265693439426,4.97904184158258e-06,2.30914546823143e-09
0.326,0.0161210637434836,0.0358037109435374,0.00333616649462588,0.00193546087157687,5.39865292952733e-06,2.59674008649671e-09
0.328,0.0162003222363604,0.0359229213788888,0.00327087036586014,0.00196782955959899,5.84947059834147e-06,2.91774346412987e-09
0.33,0.0162782032468553,0.036040950626553,0.00320559736473057,0.00199973011244455,6.3334804509895e-06,3.27575372066116e-09
0.332,0.016354737962767,0.0361578617463423,0.00314040290968014,0.00203113000219951,6.85277002878013e-06,3.67472549450912e-09
0.334,0.0164299578549218,0.0362737159920152,0.00307534070749364,0.00206199711232387,7.40953244406373e-06,4.11900211028276e-09
0.336,0.0165038946251391,0.0363885727367129,0.00301046272448209,0.00209229979016645,8.00607004511001e-06,4.61335035066918e-09
0.338,0.0165765801544393,0.0365024894003605,0.00294581916191982,0.00212200689861109,8.64479810698638e-06,5.16299801794725e-09
0.34,0.0166480464514918,0.0366155213791701,0.00288145843562367,0.00215108786674516,9.328248541829e-06,5.77367448125274e-09
0.342,0.0167183256012981,0.0367277219773824,0.00281742715955874,0.00217951273944478,1.0059073621464e-05,6.4516544173177e-09
0.344,0.0167874497141151,0.0368391423413905,0.00275377013335035,0.00220725222577396,1.0840049704897e-05,7.20380496453001e-09
0.346,0.0168554508746225,0.036949831396395,0.00269053033357778,0.00223427774609847,1.16740809627443e-05,8.03763652282076e-09
0.348,0.0169223610913447,0.0370598357857375,0.00262774890872181,0.00226056147781911,1.25642030902332e-05,8.96135744510041e-09
0.35,0.0169882122463407,0.0371691998130679,0.0025654651776347,0.00228607639963271,1.35135869999486e-05,9.98393287973813e-09
0.352,0.0170530360451795,0.0372779653874968,0.00250371663139895,0.00231079633423337,1.45255424850512e-05,1.11151480379298e-08
0.354,0.0171168639672234,0.0373861719718878,0.00244253893843853,0.00233469598937073,1.56035218432449e-05,1.23656761747314e-08
0.356,0.0171797272162441,0.0374938565344416,0.00238196595274479,0.00235775099718654,1.67511234513198e-05,1.37471515880593e-08
0.358,0.0172416566714033,0.0376010535037247,0.00232202972507774,0.00237993795175527,1.79720952796514e-05,1.52722479560906e-08
0.36,0.0173026828386299,0.0377077947272912,0.00226276051700237,0.00240123444475947,1.92703383355947e-05,1.69547623502293e-08
0.362,0.0173628358024339,0.0378141094340437,0.00220418681761933,0.0024216190992351,2.0649910024274e-05,1.88097052781599e-08
0.364,0.0174221451781988,0.037920024200476,0.00214633536284884,0.00244107160132737,2.2115027414841e-05,2.08533971294819e-08
0.366,0.0174806400649972,0.0380255629209346,0.00208923115712692,0.00245957273000255,2.36700703998507e-05,2.31035714150169e-08
0.368,0.0175383489989814,0.0381307467820311,0.00203289749737362,0.00247710438466624,2.53195847349927e-05,2.55794852101033e-08
0.37,0.017595299907401,0.0382355942413308,0.00197735599909358,0.00249364961064415,2.70682849460203e-05,2.83020372320487e-08
0.372,0.0176515200633049,0.0383401210104372,0.00192262662447048,0.00250919262248622,2.89210570893244e-05,3.12938940023776e-08
0.374,0.0177070360409869,0.0384443400425825,0.00186872771231829,0.00252371882506072,3.08829613522374e-05,3.45796245656251e-08
0.376,0.0177618736722392,0.0385482615248277,0.00181567600975386,0.00253721483241004,3.29592344787917e-05,3.81858442581315e-08
0.378,0.0178160580034782,0.0386518928749661,0.00176348670545743,0.00254966848434508,3.51552920063209e-05,4.21413680426278e-08
0.38,0.0178696132538112,0.0387552387432148,0.00171217346438959,0.00256106886076092,3.74767302979776e-05,4.64773739473267e-08
0.382,0.0179225627741149,0.0388583010187703,0.00166174846383589,0.00257140629366131,3.99293283559475e-05,5.12275771717483e-08
0.384,0.0179749290071979,0.0389610788412898,0.00161222243065256,0.00258067237688514,4.25190493998675e-05,5.64284154455999e-08
0.386,0.0180267334491212,0.0390635686173547,0.00156360467958983,0.00258885997353306,4.52520421947108e-05,6.21192462516738e-08
0.388,0.0180779966117519,0.039165764041957,0.00151590315257205,0.00259596322109782,4.81346421121872e-05,6.83425565489011e-08
0.39,0.0181287379866284,0.0392676561250395,0.00146912445881717,0.00260197753430673,5.11733719095154e-05,7.5144185657398e-08
0.392,0.018178976010212,0.039369233223109,0.00142327391568115,0.00260689960569004,5.43749422092726e-05,8.25735619935021e-08
0.394,0.0182287280306046,0.0394704810759281,0.00137835559011616,0.00261072740389359,5.77462516638949e-05,9.06839543694311e-08
0.396,0.0182780102758101,0.0395713828482817,0.00133437234063537,0.00261346016975919,6.12943867883243e-05,9.95327385992395e-08
0.398,0.0183268378236169,0.039671919176797,0.00129132585968008,0.00261509841020076,6.50266214442366e-05,1.09181680180162e-07
0.4,0.0183752245731789,0.0397720682217889,0.00124921671628904,0.0026156438899089,6.8950415959275e-05,1.19697233846207e-07
0.402,0.0184231832183717,0.0398718057240843,0.00120804439897328,0.00261509962092098,7.30734158647449e-05,1.31150860818905e-07
0.404,0.0184707252229986,0.0399711050667695,0.00116780735870383,0.00261346985009819,7.74034502352866e-05,1.43619364608406e-07
0.406,0.0185178607979204,0.0400699373417916,0.00112850305192317,0.00261076004455499,8.19485296141616e-05,1.57185246246592e-07
0.408,0.0185645988801814,0.0401682714213298,0.00109012798349535,0.0026069768750907,8.67168435079458e-05,1.71937079862477e-07
0.41,0.0186109471141996,0.0402660740338422,0.00105267774951374,0.0026021281976763,9.17167574346225e-05,1.87969909538788e-07
0.412,0.0186569118350898,0.0403633098446806,0.00101614707988878,0.00259622303305366,9.69568095093312e-05,2.05385668417293e-07
0.414,0.018702498054183,0.0404599415411512,0.000980529880642628,0.00258927154450751,0.000102445706552324,2.24293621048939e-07
0.416,0.0187477094468036,0.0405559299218898,0.000945819275840925,0.00258128501387384,0.000108192319704037,2.44810830013271e-07
0.418,0.0187925483423622,0.0406512339904068,0.000912007649096183,0.00257227581585149,0.000114205679532606,2.67062647859685e-07
0.42,0.0188370157168178,0.0407458110526442,0.000879086684580925,0.00256225739068661,0.000120494970619585,2.9118323545081e-07
0.422,0.0188811111875593,0.0408396168183779,0.000847047407492628,0.00255124421530209,0.000127069525610186,3.17316107815593e-07
0.424,0.0189248330107527,0.0409326055062853,0.000815880223916242,0.00253925177294693,0.000133938818714898,3.45614708646444e-07
0.426,0.0189681780811955,0.0410247299524897,0.000785574960033751,0.00252629652144224,0.000141112458649989,3.76243014600727e-07
0.428,0.0190111419347132,0.0411159417223795,0.000756120900634081,0.0025123958601031,0.000148600181005071,4.09376170592235e-07
0.43,0.019053718753132,0.041206191225495,0.000727506826880021,0.00249756809541691,0.000156411840026675,4.45201157282527e-07
0.432,0.0190959013718521,0.0412954278332603,0.000699721053292556,0.00248183240556071,0.000164557399807571,4.83917492005307e-07
0.434,0.0191376812900439,0.0413835999993362,0.000672751463916397,0.00246520880384124,0.000173046924872426,5.2573796437901e-07
0.436,0.019179048683482,0.041470655382354,0.000646585547633871,0.00244771810114267,0.000181890570151362,5.70889407883528e-07
0.438,0.0192199924200274,0.0415565409707885,0.000621210432597707,0.00242938186746785,0.000191098570333885,6.19613508696119e-07
0.44,0.0192605000777614,0.0416412032097185,0.000596612919756342,0.00241022239265977,0.000200681228596789,6.72167653099104e-07
0.442,0.0193005579657691,0.0417245881292168,0.000572779515448677,0.00239026264639034,0.00021064890470067,7.28825814787569e-07
0.444,0.0193401511475655,0.0418066414741061,0.000549696463048067,0.00236952623750391,0.000221012002450894,7.89879483418959e-07
0.446,0.0193792634671484,0.0418873088348114,0.000527349773638394,0.00234803737280318,0.000231780956520073,8.5563863575783e-07
0.448,0.019417877577659,0.0419665357790364,0.000505725255707843,0.00232582081536478,0.000242966218630365,9.26432750778046e-07
0.45,0.0194559749726221,0.0420442679839857,0.000484808543848736,0.00230290184247186,0.000254578243095299,1.00261187009108e-06
0.452,0.0194935360197342,0.042120451368851,0.000464585126454489,0.00227930620325022,0.000266627471722164,1.08454770507264e-06
0.454,0.0195305399971585,0.0421950322272806,0.000445040372407142,0.00225506007609393,0.000279124318077507,1.17263479206033e-06
0.456,0.0195669651322824,0.042267957359543,0.000426159556751492,0.00223019002596559,0.000292079151119734,1.26729169699229e-06
0.458,0.0196027886428836,0.0423391742041023,0.000407927885354052,0.00220472296165514,0.00030550227820441,1.36896227085044e-06
0.46,0.0196379867806486,0.0424086309683152,0.000390330518547348,0.00217868609308008,0.000319403927469441,1.47811695726201e-06
0.462,0.0196725348769763,0.0424762767579642,0.000373352593762107,0.00215210688870839,0.000333794229608957,1.59525415359875e-06
0.464,0.0197064073909984,0.0425420617053417,0.000356979247151956,0.00212501303318401,0.000348683199046451,1.72090162689515e-06
0.466,0.0197395779597372,0.0426059370955998,0.000341195634217054,0.00209743238523289,0.000364080714519446,1.85561798588394e-06
0.468,0.0197720194503207,0.0426678554910846,0.000325986949434959,0.00206939293592575,0.00037999649908974,1.99999421041944e-06
0.47,0.0198037040141634,0.0427277708533765,0.000311338444908615,0.00204092276737188,0.000396440099595141,2.15465523952679e-06
0.472,0.0198346031430212,0.0427856386627613,0.000297235448042998,0.00201205001191573,0.000413420865560398,2.32026161927648e-06
0.474,0.0198646877268189,0.0428414160348611,0.000283663378263399,0.00198280281190621,0.00043094792758698,2.49751121164031e-06
0.476,0.0198939281131461,0.0428950618341613,0.000270607762789678,0.00195320928010596,0.000449030175243239,2.68714096543439e-06
0.478,0.0199222941683109,0.0429465367841715,0.000258054251482137,0.00192329746080526,0.00046767623447843,2.88992875039955e-06
0.48,0.0199497553398363,0.0429958035739694,0.000245988630775789,0.00189309529170295,0.00048689444458603,3.10669525540576e-06
0.482,0.0199762807202807,0.0430428269608808,0.000234396836720936,0.00186263056661366,0.000506692834743797,3.33830595169846e-06
0.484,0.020001839112257,0.0430875738690565,0.000223264967148884,0.00183193089905809,0.000527079100159934,3.58567312202732e-06
0.486,0.0200263990945225,0.0431300134837166,0.000212579292982594,0.00180102368679006,0.000548060577856793,3.84975795641344e-06
0.488,0.0200499290890087,0.0431701173408407,0.00020232626871282,0.00176993607731119,0.00056964422212549,4.13157271521894e-06
0.49,0.0200723974286541,0.0432078594120919,0.000192492542061037,0.00173869493442097,0.000591836579686841,4.43218296008223e-06
0.492,0.0200937724259009,0.0432432161847721,0.000183064962851063,0.00170732680584705,0.000614643764595984,4.75270985317281e-06
0.494,0.0201140224417151,0.043276166736617,0.000174030591111905,0.00167585789199728,0.00063807143293005,5.09433252510193e-06
0.496,0.0201331159549848,0.043306692805251,0.000165376704434747,0.00164431401587203,0.000662124757300203,5.45829051169764e-06
0.498,0.0201510216321495,0.0433347788521304,0.000157090804607472,0.0016127205941721,0.00068680840123123,5.84588625971634e-06
0.5,0.0201677083969116,0.0433604121208191,0.000149160623550415,0.0015811026096344,0.000712126493453977,6.25848770141601e-06
0.502,0.0201831454998814,0.0433835826894494,0.00014157412857728,0.0015494845846241,0.000738082602157453,6.69753089775929e-06
0.504,0.0201973025880008,0.0434042835172369,0.000134319527005406,0.00151789055600921,0.000764679709249583,7.16452274984728e-06
0.506,0.0202101497735965,0.0434225104849273,0.000127385270139631,0.00148634405133995,0.000791920184677229,7.66104377800634e-06
0.508,0.0202216577029069,0.0434382624290694,0.000120760056654118,0.00145486806635214,0.000819805760857747,8.18875096776059e-06
0.51,0.0202317976239303,0.0434515411700188,0.000114432835396492,0.0014234850438109,0.000848337507276188,8.74938068172219e-06
0.512,0.0202405414534424,0.0434623515335948,0.000108392807638617,0.00139221685370755,0.000877515805303697,9.34475163621757e-06
0.514,0.0202478618430276,0.0434707013663228,0.000102629428798203,0.00136108477481949,0.000907340323294356,9.97676794124447e-06
0.516,0.0202537322439759,0.0434766015442094,9.7132409655339e-05,0.00133010947764009,0.000937809992018927,1.06474222021154e-05
0.518,0.0202581269708921,0.0434800659750138,9.18917170878069e-05,0.00129931100868205,0.00096892298049561,1.13587986808949e-05
0.52,0.0202610212638701,0.0434811115939915,8.68975743488322e-05,0.00126870877615529,0.00100067667227896,1.21130765154745e-05
0.522,0.0202623913490854,0.0434797583530995,8.21404609106207e-05,0.0012383215370171,0.00103306764226945,1.2912532993853e-05
0.524,0.0202622144976616,0.0434760292036704,7.76111118967378e-05,0.00120816738538963,0.00106609163410706,1.37595468809006e-05
0.526,0.0202604690826684,0.0434699500725723,7.33005171260143e-05,0.00117826374233697,0.00109974353821346,1.4656601794585e-05
0.528,0.0202571346341144,0.0434615498318903,6.91999197903031e-05,0.0011486273469914,0.00113401737054806,1.56062896283156e-05
0.53,0.0202521918917993,0.0434508602621764,6.53008147879732e-05,0.00111927424901579,0.00116890625214379,1.66113140157391e-05
0.532,0.0202456228558928,0.04343791600933,6.15949467346001e-05,0.00109021980238639,0.0012044023894894,1.76744938339701e-05
0.534,0.0202374108351166,0.0434227545351857,5.80743076718496e-05,0.00106147866047823,0.00124049705582527,1.87987667408828e-05
0.536,0.0202275404924042,0.0434054160618981,5.47311344950418e-05,0.00103306477243263,0.00127718057341996,1.99871927417218e-05
0.538,0.020215997887923,0.0433859435102268,5.15579061194003e-05,0.00100499138078405,0.00131444229689522,2.12429577798981e-05
0.54,0.020202770519345,0.0433643824318393,4.854734040444e-05,0.000977271020321849,0.00135227059766692,2.25693773464393e-05
0.542,0.0201878473592605,0.043340780935761,4.56923908554197e-05,0.000949915518159831,0.00139065284956919,2.3969900102149e-05
0.544,0.0201712188896333,0.043315189609117,4.29862431202216e-05,0.000922935994984966,0.00142957541572902,2.54481115060974e-05
0.546,0.0201528771332015,0.0432876614323188,4.0422311299454e-05,0.00089634286745467,0.00146902363675771,2.700773744363e-05
0.548,0.0201328156817363,0.0432582516888647,3.79942340869905e-05,0.000870145851710407,0.00150898182032544,2.86526478466182e-05
0.55,0.0201110297210766,0.0432270178699333,3.56958707575841e-05,0.000844353967973629,0.00154943323218354,3.03868602982114e-05
0.552,0.0200875160528628,0.0431940195739601,3.35212970175893e-05,0.000818975546188754,0.00159036008869919,3.22145436138644e-05
0.554,0.020062273112903,0.0431593184013986,3.14648007342393e-05,0.000794018232676389,0.0016317435509649,3.41400213899198e-05
0.556,0.0200353009861088,0.0431229778448783,2.95208775583244e-05,0.000769488997758768,0.00167356372054464,3.61677755105192e-05
0.558,0.0200066014179488,0.0430850631749799,2.76842264545148e-05,0.000745394144318338,0.00171579963691636,3.83024496030923e-05
0.56,0.019976177822372,0.04304564132186,2.59497451529775e-05,0.000721739317249227,0.00175842927666916,4.05488524321482e-05
0.562,0.0199440352861638,0.0430047807529646,2.4312525535338e-05,0.000698529513760602,0.00180142955451124,4.29119612205438e-05
0.564,0.0199101805697035,0.0429625513470794,2.27678489674401e-05,0.000675769094489994,0.00184477632614267,4.53969248868613e-05
0.566,0.019874622104101,0.0429190242649711,2.13111815907767e-05,0.000653461795384105,0.00188844439304472,4.80090671869533e-05
0.568,0.0198373699846988,0.0428742718168864,1.99381695838718e-05,0.000631610740303968,0.00193240750923463,5.0753889747155e-05
0.57,0.019798435960932,0.0428283673271722,1.86446344043234e-05,0.000610218454310948,0.00197663839003245,5.36370749760753e-05
0.572,0.0197578334225496,0.0427813849962971,1.74265680216468e-05,0.000589286877589693,0.00202110872288294,5.66644888412998e-05
0.574,0.0197155773822068,0.0427333997605508,1.62801281504977e-05,0.000568817379963957,0.0020657891802731,5.98421834967441e-05
0.576,0.019671684454447,0.0426844871497074,1.5201633493302e-05,0.000548810775961065,0.00211064943478182,6.31763997457992e-05
0.578,0.0196261728311012,0.0426347231429407,1.41875590007856e-05,0.000529267340380819,0.00215565817629519,6.66735693248164e-05
0.58,0.019579062253139,0.0425841840232826,1.32345311583601e-05,0.000510186824324691,0.00220078313141674,7.03403169908713e-05
0.582,0.0195303739790164,0.042532946230919,1.23393233058121e-05,0.000491568471641398,0.00224599108509839,7.41834623971474e-05
0.584,0.0194801307495708,0.0424810862156178,1.14988509972339e-05,0.000473411035745165,0.00229124790451343,7.82100217386772e-05
0.586,0.0194283567495242,0.0424286802885874,1.07101674076429e-05,0.000455712796763463,0.00233651856518862,8.24272091505808e-05
0.588,0.0193750775656626,0.0423758044740606,9.97045879226114e-06,0.000438471578971393,0.00238176717940817,8.6842437840348e-05
0.59,0.0193203201417671,0.0423225343609026,9.27704000396061e-06,0.000421684768470505,0.00242695702689751,9.14633209351074e-05
0.592,0.0192641127303811,0.0422689449545364,8.62735007392991e-06,0.00040534933107048,0.00247205058778991,9.62976720242704e-05
0.594,0.0192064848415045,0.0422151105294824,8.01894786018298e-06,0.000389461830332792,0.0025170095778743,0.000101353505377338
0.596,0.0191474671883153,0.0421611044828004,7.4495077681107e-06,0.000374018445736328,0.00256179498611711,0.000106639035816112
0.598,0.0190870916300223,0.0421069991887251,6.91681554686823e-06,0.000359014990925758,0.00260636711444608,0.000112162678220015
0.6,0.0190253911119652,0.0420528658547779,6.41876416500282e-06,0.000344446932004464,0.00265068561977814,0.000117933046642671
0.602,0.0189623996030795,0.0419987743796356,5.95334976834929e-06,0.000330309405834745,0.0026947095582684,0.000123958953017407
0.604,0.018898152030855,0.0419447932130317,5.51866772286127e-06,0.00031659723830918,0.00273839743175122,0.000130249405428847
0.606,0.0188326842139198,0.0418909892179581,5.11290874470074e-06,0.000303304962558101,0.00278170723633884,0.000136813605927298
0.608,0.0187660327923894,0.0418374275354318,4.73435511957858e-06,0.000290426837059309,0.00282459651313707,0.000143660947862184
0.61,0.0186982351561256,0.0417841714520814,4.38137701302416e-06,0.000277956863617402,0.00286702240103175,0.00015080101271041
0.612,0.0186293293710552,0.0417312822708018,4.05242887296226e-06,0.000265888805181337,0.00290894169149354,0.000158243566375115
0.614,0.0185593541037043,0.0416788191847187,3.74604592569053e-06,0.000254216203470148,0.00295031088534262,0.00016599855492999
0.616,0.0184883485441085,0.041626839154693,3.46084076608112e-06,0.000242932396378115,0.00299108625140894,0.000174076099784001
0.618,0.018416352327262,0.0415753967905886,3.19550004257378e-06,0.000232030535131975,0.00303122388701728,0.000182486492241116
0.62,0.018343405453277,0.041524544236516,2.94878123728693e-06,0.000221503601174246,0.00307067978022056,0.000191240187429448
0.622,0.0182695482064225,0.0414743310602544,2.71950954134586e-06,0.000211344422748083,0.0031094098736984,0.000200347797574029
0.624,0.0181948210732201,0.0414248041470447,2.50657482531352e-06,0.00020154569116055,0.00314737013023231,0.000209820084587383
0.626,0.0181192646597743,0.0413760075979343,2.30892870440948e-06,0.000192099976702621,0.00318451659966228,0.000219667951951981
0.628,0.0180429196085184,0.0413279826328429,2.12558169801592e-06,0.000182999744205699,0.00322080548722408,0.000229902435868681
0.63,0.0179658265145587,0.0412807674985078,1.95560048279549e-06,0.000174237368215869,0.00325619322316026,0.000240534695645408
0.632,0.0178880258418012,0.0412343973814553,1.79810523858416e-06,0.000165805147768599,0.00329063653349233,0.000251576003300371
0.634,0.017809557839047,0.0411889043261289,1.65226708607343e-06,0.00015769532074802,0.00332409251183562,0.000263037732354484
0.636,0.0177304624562428,0.0411443171582987,1.51730561515823e-06,0.000149900077816403,0.00335651869213304,0.000274931345787846
0.638,0.017650779261073,0.0411006614138574,1.39248650270112e-06,0.000142411575900878,0.00338787312217815,0.000287268383135619
0.64,0.0175705473560793,0.0410579592730983,1.27711921834813e-06,0.000135221951225855,0.00341811443779306,0.000300060446699096
0.642,0.0174898052964963,0.041016229500558,1.1705548169274e-06,0.000128323331881051,0.00344720193752144,0.000313319186848321
0.644,0.0174085910089851,0.0409754873904897,1.0721838158674e-06,0.000121707849916386,0.00347509565769186,0.000327056286393332
0.646,0.017326941711451,0.0409357447180258,9.81434155987518e-07,0.000115367652956394,0.0035017564477025,0.000341283444001841
0.648,0.0172448938341264,0.0408970096960662,8.97769243938592e-07,0.00010929491532815,0.00352714604537332,0.000356012356642096
0.65,0.0171624829420977,0.0408592869379241,8.20686074505545e-07,0.000103481848698001,0.00355122715220813,0.000371254701030624
0.652,0.0170797436594545,0.0408225774257416,7.49713430926996e-07,9.79207122137044e-05,0.00357396350840479,0.000387022114065729
0.654,0.0169967095952335,0.0407868784846768,6.8441016133774e-07,9.26038221497969e-05,0.00359531996744843,0.000403326172228783
0.656,0.0169134132713281,0.0407521837628485,6.24363529399173e-07,8.75235610552567e-05,0.00361526257011923,0.000420178369936827
0.658,0.0168298860525296,0.0407184832170144,5.69187637148971e-07,8.26723864036812e-05,0.0036337586177436,0.000437590096831368
0.66,0.0167461580788621,0.0406857631039424,5.18521918074996e-07,7.80428387473502e-05,0.00365077674451477,0.000455572613990007
0.662,0.016662258200368,0.0406540059774251,4.72029698398382e-07,7.36275493776297e-05,0.0036662869887069,0.000474137029049244
0.664,0.0165782139144965,0.0406231906908701,4.29396824537383e-07,6.9419247495232e-05,0.00368026086260511,0.000493294270228749
0.666,0.0164940513062415,0.0405932924053923,3.90330354715847e-07,6.54107668948483e-05,0.0036926714209721,0.000513055059249511
0.668,0.01640979499117,0.0405642826033177,3.54557312678186e-07,6.15950521696343e-05,0.0037034933278717,0.000533429883140363
0.67,0.0163254680614747,0.0405361291069982,3.21823501475795e-07,5.79651644419435e-05,0.00371270292166859,0.000554428964929993
0.672,0.0162410920351815,0.0405087961028251,2.91892375297911e-07,5.45142866275647e-05,0.003720278278024,0.000576062233223876
0.674,0.01615668680863,0.0404822441703194,2.64543967332343e-07,5.12357282415431e-05,0.00372619927070722,0.000598339290668418
0.676,0.0160722706123445,0.0404564303161628,2.39573871658196e-07,4.81229297544249e-05,0.00373044763004389,0.000621269381307508
0.678,0.015987859970401,0.0404313080130288,2.16792277193199e-07,4.51694665084905e-05,0.00373300699882353,0.000644861356839577
0.68,0.0159034696633908,0.0404068272430581,1.96023051742279e-07,4.23690522042015e-05,0.0037338629854906,0.000669123641786735
0.682,0.0158191126950721,0.0403829345458159,1.77102874221311e-07,3.97155419677084e-05,0.00373300321444585,0.000694064197590792
0.684,0.0157348002627941,0.0403595730705615,1.59880413160162e-07,3.72029350108291e-05,0.00373041737328788,0.000719690485654633
0.686,0.0156505417317689,0.0403366826326498,1.44215549622022e-07,3.48253768954269e-05,0.00372609725682815,0.000746009429351258
0.688,0.0155663446132599,0.0403141997738778,1.29978642711256e-07,3.25771614145805e-05,0.00372003680771695,0.000773027375026717
0.69,0.0154822145467451,0.0402920578265843,1.17049835879377e-07,3.04527321033574e-05,0.00371223215352226,0.00080075005202731
0.692,0.0153981552861066,0.0402701869813011,1.05318402278032e-07,2.84466833923659e-05,0.00370268164010879,0.000829182531785855
0.694,0.0153141686898878,0.0402485143577529,9.46821274487142e-08,2.65537614175836e-05,0.00369138586117009,0.000858329186006301
0.696,0.0152302547156533,0.0402269640789929,8.50467276812931e-08,2.47688645002291e-05,0.00367834768377296,0.000888193643990722
0.698,0.0151464114184748,0.0402054573484635,7.63253024168968e-08,2.30870433106701e-05,0.00366357226978006,0.000918778749157632
0.7,0.0150626349535601,0.0401839125297607,6.84378191152067e-08,2.15035007305369e-05,0.00364706709302432,0.000950086514805666
0.702,0.0149789195830331,0.0401622452288845,6.13106290515065e-08,2.00135914273487e-05,0.00362884195211619,0.000982118079181989
0.704,0.0148952576868629,0.0401403683787512,5.48760125547407e-08,1.86128211560493e-05,0.00360890897877364,0.00101487365992019
0.706,0.0148116397779328,0.0401181923257445,4.90717522441853e-08,1.72968458018942e-05,0.00358728264157354,0.00104835250791816
0.708,0.0147280545212316,0.0400956249180796,4.38407328689813e-08,1.60614701791474e-05,0.0035639797450326,0.00108255286073219
0.71,0.0146444887571407,0.0400725715957584,3.91305664015375e-08,1.49026466000062e-05,0.00353901942393599,0.00111747189556953
0.712,0.0145609275287813,0.0400489354818893,3.48932410825757e-08,1.38164732281099e-05,0.00351242313284241,0.00115310568196789
0.714,0.0144773541133814,0.0400246174751528,3.10847931622083e-08,1.2799192230881e-05,0.00348421463070498,0.00118944913425642
0.716,0.0143937500576102,0.0399995163431912,2.76650001277852e-08,1.18471877448075e-05,0.00345441996055911,0.0012264959638995
0.718,0.0143100952168225,0.0399735288167077,2.45970942552366e-08,1.09569836676053e-05,0.00342306742424002,0.00126423863183089
0.72,0.0142263677981493,0.0399465496840628,2.18474953661259e-08,1.01252412909942e-05,0.00339018755210494,0.00130266830089282
0.722,0.0141425444073588,0.0399184718861589,1.93855617175613e-08,9.34875678759015e-06,0.00335581306774774,0.00134177478850109
0.724,0.0140586000994124,0.0398891866114135,1.71833579963762e-08,8.62445856515596e-06,0.00331997884770646,0.00138154651966453
0.726,0.0139745084326269,0.0398585833906233,1.52154394325177e-08,7.94940450116784e-06,0.00328272187617779,0.00142197048049382
0.728,0.0138902415263524,0.0398265501915313,1.34586510892988e-08,7.32077907034575e-06,0.0032440811947659,0.00146303217234198
0.73,0.0138057701220675,0.0397929735129153,1.18919414300249e-08,6.73589037746423e-06,0.00320409784730713,0.00150471556672589
0.732,0.013721063647789,0.0397577384780256,1.049618930142e-08,6.19216710741047e-06,0.00316281481982589,0.00154700306118531
0.734,0.0136360902856866,0.0397207289272079,9.25404351423217e-09,5.68715540408531e-06,0.00312027697569163,0.00158987543624314
0.736,0.01355081704279,0.0396818275095583,8.14977424032573e-09,5.21851568935891e-06,0.00307653098606101,0.00163331181363774
0.738,0.0134652098246707,0.0396409157734652,7.1691354834456e-09,4.78401943289164e-06,0.00303162525570403,0.00167728961600524
0.74,0.0133792335119771,0.0395978742559102,6.29923791764012e-09,4.3815458832184e-06,0.00298560984432753,0.00172178452819699
0.742,0.0132928520396972,0.039552582570403,5.52843142301503e-09,4.00907877007043e-06,0.00293853638352396,0.0017667704604241
0.744,0.0132060284790207,0.0395049194934464,4.84619668306013e-09,3.66470298747594e-06,0.0028904579894882,0.00181221951342801
0.746,0.0131187251216708,0.0394547630494363,4.24304524121545e-09,3.34660126674025e-06,0.00284142917165948,0.00185810194588274
0.748,0.0130309035665705,0.0394019905939142,3.71042744662446e-09,3.05305084796006e-06,0.00279150573746013,0.00190438614424097
0.75,0.0129425248087109,0.0393464788951103,3.24064775014676e-09,2.78242015827602e-06,0.00274074469331698,0.00195103859524259
0.752,0.0128535493300826,0.0392881042137212,2.82678684167646e-09,2.53316550461485e-06,0.00268920414216547,0.00199802386131019
0.754,0.0127639371925348,0.0392267423808911,2.46263014863475e-09,2.30382778821828e-06,0.00263694317765012,0.00204530455906207
0.756,0.0126736481324237,0.0391622688743753,2.14260224318343e-09,2.09302924780244e-06,0.00258402177524861,0.00209284134117862
0.758,0.012582641656912,0.0390945588928836,1.8617067322505e-09,1.89947023774012e-06,0.0025305006805598,0.00214059288186308
0.76,0.0124908771417821,0.03902348742862,1.61547122988129e-09,1.72192604720926e-06,0.0024764412950086,0.00218851586614248
0.762,0.0123983139306268,0.0389489293380492,1.39989703574507e-09,1.5592437658077e-06,0.00242190555923276,0.00223656498325867
0.764,0.0123049114352797,0.0388707594109436,1.21141316685485e-09,1.41033920069568e-06,0.00236695583442851,0.00228469292440301
0.766,0.0122106292373536,0.0387888524377792,1.04683441171668e-09,1.27419384989661e-06,0.00231165478194256,0.00233285038505182
0.768,0.0121154271907522,0.0387030832755698,9.03323097237801e-10,1.1498519359631e-06,0.00225606524140886,0.00238098607216173
0.77,0.012019265525025,0.03861332691225,7.78354278811612e-10,1.03641750380128e-06,0.00220025010773778,0.00242904671648624
0.772,0.0119221049494383,0.0385194585297347,6.69684083088689e-10,9.3305158604193e-07,0.00214427220727448,0.00247697709027602
0.774,0.0118239067576358,0.0384213535658073,5.75320951062591e-10,8.3896943895357e-07,0.0020881941734514,0.00252472003062548
0.776,0.0117246329327664,0.0383188877750066,4.93499546274322e-10,7.53437851510786e-07,0.0020320783222667,0.00257221646872806
0.778,0.0116242462529597,0.0382119372887062,4.22657109198961e-10,6.75772529861566e-07,0.00197598652792727,0.00261940546530091
0.78,0.0115227103970339,0.0381003786746021,3.61412054250976e-10,6.05335559080897e-07,0.00191998009899979,0.00266622425243759
0.782,0.0114199900503213,0.0379840889958448,3.08544620360992e-10,5.41532943754951e-07,0.00186411965541805,0.00271260828214355
0.784,0.0113160510105043,0.0378629458700788,2.6297939976652e-10,4.83812228611234e-07,0.00180846500669765,0.00275849128180502
0.786,0.0112108602933536,0.0377368275286704,2.23769582552907e-10,4.31660200095754e-07,0.00175307503171171,0.00280380531683591
0.788,0.0111043862382681,0.0376056128764357,1.90082766609001e-10,3.84600669498657e-07,0.00169800756038197,0.00284848086074036
0.79,0.0109965986135165,0.037469181552196,1.61188194055718e-10,3.42192337945442e-07,0.00164331925763948,0.00289244687282034
0.792,0.0108874687210845,0.0373274139905206,1.36445285895175e-10,3.04026743301767e-07,0.00158906551000807,0.00293563088374778
0.794,0.010776969501036,0.0371801914850366,1.15293356643939e-10,2.69726288786349e-07,0.0015353003151606,0.0029779590892095
0.796,0.0106650756352971,0.0370273962537125,9.72424000861906e-11,2.38942352848585e-07,0.00148207617479444,0.00301935645182062
0.798,0.0105517636507768,0.0368689115065477,8.18648460411194e-11,2.11353479645099e-07,0.0014294439911675,0.0030597468114872
0.8,0.0104370120217396,0.0367046215161256,6.8788196212736e-11,1.8666364924288e-07,0.00137745296762903,0.0030990530043832
0.802,0.0103208012713446,0.0365344116915163,5.76884548085181e-11,1.64600626485339e-07,0.0013261505134724,0.00313719699068862
0.804,0.0102031140722727,0.0363581686560371,4.82842767038035e-11,1.4491438728186e-07,0.0012755821534269,0.00317409999121565
0.806,0.0100839353463577,0.0361757803294122,4.03317625192877e-11,1.2737562092071e-07,0.00122579144209587,0.00320968263302839
0.808,0.00996325236314175,0.035987136014893,3.36198360961213e-11,1.11774306859437e-07,0.00117681988363585,0.0032438651041373
0.81,0.00984105483727361,0.0357921264919344,2.79661455229676e-11,9.79183643157236e-08,0.00112870685695872,0.00327656731732399
0.812,0.00971733502466612,0.0355906441150466,2.32134341172951e-11,8.5632372864858e-08,0.00108148954672371,0.0033077090831237
0.814,0.00959208781732834,0.0353825829194685,1.92263326135785e-11,7.4756362147026e-08,0.00103520288037064,0.00333721029196252
0.816,0.00946531083678375,0.0351678387343416,1.58885282875948e-11,6.51446686982112e-08,0.000989879471428146,0.00336499110541385
0.818,0.00933700452598223,0.0349463093040858,1.31002708714077e-11,5.66648578421322e-08,0.000945549569312367,0.00339097215650326
0.82,0.00920717223960816,0.0347178944187092,1.07761789098114e-11,4.91967085168568e-08,0.000902241015811833,0.00341507475895394
0.822,0.00907582033268078,0.0344824960538128,8.8433136969952e-12,4.26312588580289e-08,0.000859979208433206,0.00343722112522455
0.824,0.00894295824733494,0.0342400185210758,7.23949113210165e-12,3.68699103205172e-08,0.000818787070760606,0.00345733459314912
0.826,0.00880859859766219,0.033990368630036,5.91180476344662e-12,3.18235880911537e-08,0.000778685029958019,0.00347533986094348
0.828,0.0086727572524811,0.0337334558620073,4.81533597180475e-12,2.74119555265643e-08,0.000739691001520146,0.0034911632302951
0.83,0.00853545341589457,0.0334691925570014,3.91202969082623e-12,2.35626803412898e-08,0.000701820381351876,0.00350473285720299
0.832,0.00839670970547837,0.0331974941145462,3.16971629396962e-12,2.02107502718936e-08,0.000665086045230596,0.00351597901018138
0.834,0.00825655222793039,0.0329182792093181,2.56126230806594e-12,1.72978359519364e-08,0.000629498355678744,0.00352483433538535
0.836,0.00811501065199379,0.032631470022529,2.0638344587162e-12,1.47716987499944e-08,0.000595065176246481,0.0035312341281584
0.838,0.00797211827844889,0.0323369924900302,1.65826322626919e-12,1.25856413476852e-08,0.000561791893176315,0.00353511661044131
0.84,0.00782791210694882,0.0320347765681138,1.32849360644119e-12,1.06979988663573e-08,0.000529681444392845,0.00353642321341785
0.842,0.00768243289945255,0.0317247565180128,1.06111213925862e-12,9.0716683891046e-09,0.000498734355731829,0.00353509886470757
0.844,0.007535725239985,0.0314068712101134,8.44940505700594e-13,7.67367476848451e-09,0.000468948784293593,0.00353109227934702
0.846,0.00738783759042897,0.031081064448907,6.7068710423784e-13,6.47477065918222e-09,0.000440320568776248,0.00352435625373032
0.848,0.00723882234202649,0.0307472853197166,5.30649019746773e-13,5.44906876829903e-09,0.000412843286614958,0.00351484796160689
0.85,0.00708873586223763,0.0304054885582396,4.1845769468113e-13,4.57370437339635e-09,0.000386508317724035,0.00350252925115906
0.852,0.00693763853657474,0.0300556349439449,3.28862415917888e-13,3.82852621935829e-09,0.000361304914609739,0.00348736694210519
0.854,0.00678559480499654,0.0296976917183607,2.57546448740884e-13,3.19581396902549e-09,0.000337220278592951,0.00346933312169498
0.856,0.00663267319241263,0.0293316330292769,2.00971289771872e-13,2.66002044889284e-09,0.000314239641852904,0.00344840543838328
0.858,0.00647894633281223,0.0289574404018659,1.56245080521477e-13,2.20753699947339e-09,0.000292346354975698,0.00342456739188696
0.86,0.00632449098649339,0.0285751032377015,1.21011729288665e-13,1.82648030974613e-09,0.000271521979664977,0.00339780861824637
0.862,0.00616938804982923,0.0281846193426203,9.33577375502607e-14,1.50649918598872e-09,0.000251746386246539,0.00336812516842959
0.864,0.00601372255696695,0.0277859954843232,7.17341234298785e-14,1.23859977682888e-09,0.00023299785557451,0.00333551977893363
0.866,0.00585758367281308,0.027379247980559,5.48911845382515e-14,1.01498784814216e-09,0.000215253184923684,0.00330000213275283
0.868,0.00570106467661518,0.026964403318663,4.18241502223714e-14,8.28926773109983e-10,0.000198487797431322,0.00326158910900124
0.87,0.0055442629354059,0.0265414988071387,3.17280434317587e-14,6.74609973990848e-10,0.000182675854631858,0.00322030501939338
0.872,0.00538727986653068,0.0261105832598715,2.39603090089836e-14,5.4704662263517e-10,0.000167790371610141,0.00317618182970676
0.874,0.00523022088843467,0.0256717177134453,1.80099718851514e-14,4.41959476200373e-10,0.000153803334282874,0.00312925936427066
0.876,0.00507319535883996,0.0252249761778951,1.34722687249008e-14,3.55693792636543e-10,0.000140685818304145,0.00307958549144972
0.878,0.00491631649939842,0.0247704464210682,1.00278530262276e-14,2.85136337077068e-10,0.000128408109079461,0.00302721628801824
0.88,0.00475970130586234,0.0243082307865823,7.42580925854105e-15,2.27643555072705e-10,0.000116939822363625,0.00297221618025301
0.882,0.00460347044277123,0.0238384470451557,5.46982877286907e-15,1.80978051466219e-10,0.000106250024911309,0.00291465805950936
0.884,0.00444774812161326,0.0233612292788431,4.00700115120871e-15,1.43252574457629e-10,9.63073546453727e-05,0.00285462336998827
0.886,0.0042926619613802,0.0228767287974321,2.91876136212454e-15,1.12880762920813e-10,8.7080139806974e-05,0.0027922021663528
0.888,0.00413834283040038,0.0223851150859432,2.11360733395208e-15,8.85339711878786e-11,7.85365165534319e-05,0.00272749313881065
0.89,0.00398492466830204,0.0218865767818219,1.52126593243893e-15,6.91035392279651e-11,7.06445444747251e-05,0.00266060360324789
0.892,0.00383254428693324,0.021381322680008,1.08803924977816e-15,5.366792734311e-11,6.33723195074882e-05,0.00259164945397805
0.894,0.00368134114904348,0.0208695827636217,7.73108831892779e-16,4.14641831374058e-11,5.66880837365294e-05,0.00252075507666215
0.896,0.00353145712351838,0.0203516092574972,5.45614101811738e-16,3.18632545578644e-11,5.05603315881944e-05,0.00244805321896047
0.898,0.00338303621595258,0.0198276777012323,3.82353759976821e-16,2.4348706245819e-11,4.49579119374546e-05,0.00237368481649774
0.9,0.00323622427334955,0.0192980880377901,2.65986220499999e-16,1.84984372826252e-11,3.98501256713532e-05,0.00229779877176176
0.902,0.00309116866175117,0.0187631657129847,1.83627932828904e-16,1.39690366851826e-11,3.52068182754058e-05,0.00222055168361284
0.904,0.00294801791562646,0.0182232627804018,1.25767402784706e-16,1.04824487419476e-11,3.09984670366813e-05,0.00214210752516039
0.906,0.00280692135788946,0.0176787590054333,8.54284420540471e-17,7.8146535284744e-12,2.71962624875284e-05,0.00206263726786567
0.908,0.00266802868947305,0.0171300629611423,5.75291414144787e-17,5.78609876460573e-12,2.37721837471686e-05,0.00198231844985838
0.91,0.00253148954746041,0.0165776131076053,3.83937130843894e-17,4.25364764525475e-12,2.06990674545244e-05,0.00190133468661193
0.912,0.00239745303087109,0.0160218788451981,2.53830545230002e-17,3.10383347436394e-12,1.79506700245817e-05,0.00181987512231127
0.914,0.00226606719331699,0.015463361530987,1.66169697722285e-17,2.24723594600133e-12,1.55017230020795e-05,0.00173813382047014
0.916,0.0021374785018879,0.0149025954459487,1.07667185147079e-17,1.61381584307705e-12,1.33279813302218e-05,0.00165630909261539
0.918,0.00201183126179876,0.0143401486991556,6.90118014739408e-18,1.14906486350645e-12,1.14062643981493e-05,0.00157460276415802
0.92,0.00188926700653615,0.0137766240533227,4.37361750122426e-18,8.10845340543567e-13,9.71448977885137e-06,0.00149321937691657
0.922,0.00176992385348191,0.0132126596541906,2.73896863657414e-18,5.66810906083901e-13,8.23169961873187e-06,0.00141236532815372
0.924,0.0016539358252721,0.0126489296441184,1.69392494077575e-18,3.92313762408203e-13,6.93807969084479e-06,0.00133224794643428
0.926,0.00154143213747351,0.0120861446379495,1.03388605302552e-18,2.68717289285864e-13,5.81497117552862e-06,0.00125307450511722
0.928,0.00143253645353246,0.0115250520366838,6.22313713476198e-19,1.82044329541388e-13,4.8448752843973e-06,0.00117505117486065
0.93,0.0013273661083765,0.0109664361517207,3.69117413019373e-19,1.21901775968035e-13,4.01145089597242e-06,0.00109838191715156
0.932,0.00122603130253472,0.0104111181094055,2.15560358576838e-19,8.06311327808569e-14,3.29950542321333e-06,0.00102326732157694
0.934,0.0011286342691918,0.00985995550230482,1.23828358114114e-19,5.26426499059887e-14,2.69497918434201e-06,0.000949903390335531
0.936,0.00103526841721219,0.00931384175001588,6.99002421011937e-20,3.38975292549537e-14,2.18492359816107e-06,0.000878480274355476
0.938,0.000946017453869957,0.00877370512837366,3.8731401526112e-20,2.15086757923159e-14,1.75747357299978e-06,0.000809180966339441
0.94,0.000860954491804649,0.0082405074216165,2.10399624647899e-20,1.34356053561676e-14,1.40181450394545e-06,0.000742179957111581
0.942,0.000780141145602361,0.00771524214738522,1.1190290894401e-20,8.2535137369639e-15,1.10814433556068e-06,0.000677641862797561
0.944,0.000703626624382737,0.00719893229932995,5.81846680174501e-21,4.98024026425362e-15,8.67631186275237e-07,0.000615720031637265
0.946,0.000631446827866042,0.00669262754654784,2.95278847338281e-21,2.94800155619181e-15,6.72367065489266e-07,0.000556555140617639
0.948,0.00056362345461057,0.00619740082304218,1.45988160015576e-21,1.70939911580698e-15,5.1531824454928e-07,0.000500273793629241
0.95,0.000500163132460134,0.00571434423383762,7.01739294543838e-22,9.69384486005039e-16,3.90272867580552e-07,0.000446987134503149
0.952,0.000441056582736282,0.0052445641972685,3.27196976791485e-22,5.3665847420574e-16,2.91786407115003e-07,0.000396789490084823
0.954,0.00038627783136319,0.00478917573523503,1.47602302411039e-22,2.89441746017049e-16,2.15125582001503e-07,0.000349757060458117
0.956,0.000335783481938565,0.0043492958148459,6.42321247981402e-23,1.51732641028916e-16,1.56211360717218e-07,0.000305946675556866
0.958,0.000289512067776495,0.00392603563579034,2.68740829819044e-23,7.71088797788072e-17,1.1156167145102e-07,0.000265394639704446
0.96,0.000247383502163917,0.0035204917479501,1.07688992849314e-23,3.78723406890683e-17,7.82344307966556e-08,0.000228115688115427
0.962,0.000209298648508635,0.00313373587311891,4.11474427600214e-24,1.79149094220371e-17,5.37714852399538e-08,0.000194102082090565
0.964,0.000175139034732214,0.00276680329318162,1.49146751907776e-24,8.12863827071405e-18,3.61440336033729e-08,0.000163322872550148
0.966,0.000144766739195431,0.00242067965465153,5.09760598609294e-25,3.52099142074691e-18,2.3700064080295e-08,0.000135723364695203
0.968,0.000118024478658978,0.00209628602600551,1.63119474529864e-25,1.44781541059771e-18,1.51142964323734e-08,0.00011122481997617
0.97,9.47359323006549e-05,0.00179446202971622,4.84549697841571e-26,5.61366006669168e-19,9.34106846294388e-09,8.97244351998847e-05
0.972,7.47063396571154e-05,0.00151594685518119,1.32252614658904e-26,2.03583729700615e-19,5.57054631398191e-09,7.10956425346314e-05
0.974,5.77234145599157e-05,0.00126135794180512,3.27530263449898e-27,6.83753772392029e-20,3.18857095360954e-09,5.51887783970027e-05
0.976,4.35586217205627e-05,0.0010311671032151,7.2463045097359e-28,2.10076149894616e-20,1.74037913855414e-09,4.18321737415918e-05
0.978,3.19688676179033e-05,0.000825673843881774,1.40432667781648e-28,5.81351379420354e-21,8.98357117176625e-10,3.08337231444404e-05
0.98,2.26986627862304e-05,0.000644975598182144,2.32450483354306e-29,1.42043262562487e-21,4.33900636233899e-10,2.19829952939518e-05
0.982,1.54828185288019e-05,0.000488934599061062,3.17870778462715e-30,2.98478051900597e-22,1.93367003855638e-10,1.50539531000048e-05
0.984,1.00497475264896e-05,0.000357141058814376,3.43284617210736e-31,5.20547866979722e-23,7.80159802100848e-11,9.80835762572667e-06
0.986,6.12544481498542e-06,0.000248872318002376,2.74851587261279e-32,7.16802698580478e-24,2.7748459289563e-11,5.9999364604363e-06
0.988,3.43823320916389e-06,0.000163047589976924,1.4872686522736e-33,7.24432763500313e-25,8.36806531318587e-12,3.37940401148918e-06
0.99,1.72436550555327e-06,9.81778978292804e-05,4.71210814775213e-35,4.79801822254429e-26,2.01421276059091e-12,1.70042852326465e-06
0.992,7.34584742226644e-07,5.23107675893936e-05,6.87359386290502e-37,1.72256839028114e-27,3.4972393588936e-13,7.26648460767963e-07
0.994,2.41753491964209e-07,2.29692060728959e-05,2.94168486118112e-39,2.34878111734401e-29,3.62314381221898e-14,2.39849252115924e-07
0.996,4.96736649228966e-08,7.08445371102884e-06,1.34307401771112e-42,5.47271965059901e-32,1.46283626614873e-15,4.94202988093517e-08
0.998,3.22966070358157e-09,9.21961832021085e-07,2.59272972718587e-48,1.70398314617085e-36,5.91243258788072e-18,3.22166696917731e-09
1,0,0,0,0,0,0
