"r","alpha.r","p","f.max"
0,0,0,0
1,0,0.04,0
2,0,0.08,0
3,0,0.12,0
4,0,0.16,0
5,0,0.2,0
6,0.0282608695652174,0.24,0.00520151416385111
7,0.0133867276887872,0.28,0.00234768435811625
8,0.00594965675057208,0.32,0.00100554125597958
9,0.0339480414591466,0.36,0.00558058678985729
10,0.0162303136357518,0.4,0.0026156438899089
11,0.00704334365325078,0.44,0.00112065596424208
12,0.0286983443262889,0.48,0.0045375722805786
13,0.0127069592138915,0.52,0.00200913144130685
14,0.041580293444609,0.56,0.00661577883142623
15,0.0181952789436973,0.6,0.00293231364854432
16,0.00650277169324146,0.64,0.00106896540268552
17,0.0220927813605159,0.68,0.0037338629854906
18,0.00680257957145828,0.72,0.00119299578104742
19,0.0225296442687747,0.76,0.00414666164111208
20,0.00474308300395257,0.8,0.000929715901314961
21,0.016600790513834,0.84,0.00353642321341785
22,0,0.88,0
23,0,0.92,0
24,0,0.96,0
25,0,1,0
