"n","pi","fixed","pilot.20","pilot.40","pilot.60","pilot.80","pilot.100"
10,0.1,0.0101172078,0.00904022277620639,0.0386696766098981,0.0543682306232562,0.0587498865923286,0.0505746143234522
12,0.1,0.01688587803,0.00834522775374429,0.0386696766098981,0.0543682306232562,0.0587498865923286,0.0505746143234522
14,0.1,0.00274249878732,0.00736332232078493,0.0386696766098981,0.0543682306232562,0.0587498865923286,0.0505746143234522
16,0.1,0.004662982173393,0.0131229676587032,0.0386696766098981,0.0543682306232562,0.0587498865923286,0.0505746143234522
18,0.1,0.00714663532241928,0.0146475009826739,0.0386696766098981,0.0543682306232562,0.0587498865923286,0.0505746143234522
20,0.1,0.00904022277620639,0.0164596862957658,0.0386696766098981,0.0543682306232562,0.0587498865923286,0.0505746143234522
22,0.1,0.011869580634988,0.0170038024474755,0.0388329878367464,0.0543682306232562,0.0587498865923286,0.0505746143234522
24,0.1,0.0149128686788915,0.0185082691746958,0.0388146656748247,0.0543682306232562,0.0587498865923286,0.0505746143234522
26,0.1,0.0180922424701228,0.0205874791938749,0.038461252460607,0.0543682306232562,0.0587498865923286,0.0505746143234522
28,0.1,0.0213350266189334,0.0224583451550142,0.0375533568960008,0.0543682306232562,0.0587498865923286,0.0505746143234522
30,0.1,0.0245873399838078,0.0245253602126832,0.0398115777321593,0.0543682306232562,0.0587498865923286,0.0505746143234522
32,0.1,0.0278024193066351,0.026274710059394,0.0403605250717862,0.0543708462387056,0.0587498865923286,0.0505746143234522
34,0.1,0.0305677436854699,0.0279566559183119,0.0402047908096568,0.0544401145598895,0.0587498865923286,0.0505746143234522
36,0.1,0.0334348217051995,0.0293658570031354,0.0401787751430688,0.0544764999187008,0.0587498865923286,0.0505746143234522
38,0.1,0.0361395592953708,0.0305817952138308,0.0407935442879034,0.0544533158950653,0.0587498865923286,0.0505746143234522
40,0.1,0.0386696766098981,0.0315542248304333,0.0411797196583366,0.0542496067748194,0.0587498865923286,0.0505746143234522
42,0.1,0.0410200546373434,0.0323831032512504,0.0393973403527202,0.0538715617918518,0.0587498570067678,0.0505746143234522
44,0.1,0.0431872223060436,0.0330887352717221,0.0377704618492185,0.0550419340187028,0.0587583750321781,0.0505746143234522
46,0.1,0.0451813026068068,0.0338530071975003,0.0364758202714042,0.0552295167977502,0.0587569416753811,0.0505746143234522
48,0.1,0.0470080165023823,0.0343302024340859,0.0356850117435313,0.054912518795689,0.0587118376820186,0.0505746143234522
50,0.1,0.0486776442230301,0.0351625110027024,0.0348854683490636,0.0549662558855504,0.0587770310132747,0.0505746143234522
52,0.1,0.0502020430089467,0.0351691376189736,0.0383562209711386,0.055128776357762,0.058825420082932,0.0505744566539217
54,0.1,0.0515940146496749,0.036135473167886,0.0380007899281284,0.0539008310424119,0.0587742411038241,0.0505763824710126
56,0.1,0.0524279380586767,0.0361513933526115,0.0407775309484984,0.0519137744792875,0.0586984327482306,0.0505751981342122
58,0.1,0.053458644279965,0.0367920042284189,0.0424462793880048,0.0512556884144803,0.0593440296600116,0.0505633539634929
60,0.1,0.0543682306232562,0.0368608668983207,0.0437585592201168,0.0507762020563266,0.0595148871882324,0.0505886292547532
62,0.1,0.0551666467406148,0.0380461952074913,0.0437277891385886,0.052759298979287,0.0594247643871966,0.0505721639842646
64,0.1,0.0558636140515286,0.0381468648871769,0.0441805993904981,0.0543676106726583,0.0593346516776618,0.0506294498651663
66,0.1,0.0564685308102904,0.0393953769531828,0.0447204161966926,0.0549492448751337,0.0587528870332147,0.0506792138230976
68,0.1,0.0569904595313169,0.0393882840224656,0.0450322943867681,0.0555933086541873,0.0578089137360574,0.0506654774239371
70,0.1,0.0574177745443403,0.0396450537500898,0.044982289876459,0.0559113916424758,0.057508962171383,0.0506055757767973
72,0.1,0.0577912281065961,0.0391293106333042,0.0446596750570718,0.0547321098599503,0.0566001911563202,0.0485392049677541
74,0.1,0.0581042037790668,0.0403961087120847,0.0446730424050945,0.0546367467102979,0.0588002040047471,0.0488470963613126
76,0.1,0.0583638552240178,0.0415709354972504,0.0447032831952558,0.0548244340644145,0.0587397584087392,0.0486926648839246
78,0.1,0.0585769576218982,0.0416496592760963,0.0447298566326855,0.0546110495820957,0.0590769595435564,0.0487840972723988
80,0.1,0.0587498865923286,0.0426656786072442,0.0452917694154397,0.0544738009853897,0.0591948187490815,0.0483640182181445
82,0.1,0.0588887089656551,0.0427067885827024,0.0446607050337111,0.0548016657933328,0.0586405848844459,0.0481265145184661
84,0.1,0.0589990657680711,0.0435818006915111,0.0450477344961689,0.0550094925067121,0.0580343441721293,0.0479019137625123
86,0.1,0.0590862394704612,0.0435925222883824,0.0450562733727148,0.0550759776840014,0.0579818317759708,0.0483504503863161
88,0.1,0.0591551352854834,0.0444762792689091,0.0460223696315281,0.05354011740805,0.0580792735812381,0.0488658224466141
90,0.1,0.0592102781907523,0.0443452166040815,0.045981208621693,0.0523417338142862,0.0581795335461154,0.0492232220683655
92,0.1,0.0592523784118101,0.0451393295274721,0.0469482153410263,0.0523990000415286,0.0567217889748009,0.0489739028373298
94,0.1,0.0592906953415053,0.0451476122657806,0.0469549114375825,0.0512391999241296,0.0555232038043572,0.0488967230105844
96,0.1,0.0593260875766924,0.0458601607833156,0.0478420861526329,0.0503982342465567,0.0545660083778535,0.0489444918751213
98,0.1,0.0593614386823941,0.0458766998555959,0.0478088650723963,0.0503953113201383,0.0537777682313927,0.0489804679221791
100,0.1,0.0505746143234522,0.0439540073350742,0.0468107916549583,0.0486878243187954,0.0530930565861978,0.0490876760388377
102,0.1,0.0486912212384581,0.0435826852379802,0.0466724190181071,0.0482409799301742,0.0526072519206386,0.0481995283692665
104,0.1,0.0490076241403031,0.0442670015573946,0.0474605465833074,0.0482175928368505,0.0541698558926216,0.0473686451572694
106,0.1,0.0493042526959476,0.0444135957552571,0.047575173530093,0.047988395032786,0.0538179468330895,0.046654815776306
108,0.1,0.0495815611508001,0.0450128496618671,0.0482359040381738,0.0478130158614141,0.0551424651499505,0.046123544519697
110,0.1,0.0498404712827117,0.0455518356274488,0.048791783442021,0.0476992873068345,0.0557619754051374,0.0472493723426001
112,0.1,0.050082218038037,0.0453610538855943,0.0487521180925203,0.0476115204051219,0.0543982734008233,0.0468745156088866
114,0.1,0.0503083526174128,0.0457283102532812,0.0491951599241231,0.0493343427662393,0.0545869582257739,0.0476650724652119
116,0.1,0.0505206696428806,0.0458587307060238,0.0492461285632793,0.0469224986437752,0.0550497096924828,0.0481926962467391
118,0.1,0.0507211484637798,0.0462598119811255,0.0495543483592956,0.0483619473683823,0.0553116335818322,0.0485014693132295
120,0.1,0.0504505762819825,0.0462553950683989,0.0495372726243511,0.0483654461507694,0.0554031251803542,0.0485908731148863
122,0.1,0.050557211670731,0.0465987136578169,0.0498288373248184,0.0494396544736416,0.0554543707155588,0.0486264678282479
124,0.1,0.0506471541694809,0.0466602706983904,0.0498656801778019,0.0495230047068417,0.0550508604390639,0.0480416084122003
126,0.1,0.05072683682492,0.0469355800942661,0.0500865878340719,0.0502604897479113,0.0548862506133761,0.0477507024944348
128,0.1,0.0507960234452133,0.0468048836409406,0.0473023553685452,0.0503650058121029,0.0514655007057014,0.0476794616641336
130,0.1,0.0508564983989028,0.0470491549838786,0.0475231168301831,0.0508441279367315,0.0518706620507442,0.0476888042900271
132,0.1,0.0509099952969718,0.0470712135498903,0.0473741522129409,0.0509291682848963,0.0518544334215617,0.0476034152063168
134,0.1,0.0509581797653163,0.0472624722712072,0.0476831199652017,0.0511920484584267,0.0522682577823752,0.0477626897717575
136,0.1,0.0510026315242174,0.0472150518852404,0.0478383594893481,0.0511937275197079,0.0527258031068839,0.0478175831337098
138,0.1,0.0510448344891532,0.0473918921182263,0.0480987634028084,0.0513062008293079,0.0529312925843875,0.0478883116492047
140,0.1,0.0510861682407211,0.0473672715564135,0.0481500785350488,0.0513500509998861,0.0531550986891544,0.0487404251803076
142,0.1,0.0511279028639925,0.0475193645298005,0.0482310843905706,0.0487606251775971,0.0535141531160928,0.0493473525155483
144,0.1,0.0511711963985661,0.0475495829250519,0.0483380825144941,0.0488047397616012,0.0536325342069143,0.049756299712801
146,0.1,0.0512170237862277,0.0476966132014382,0.0485333162756206,0.0490020531491501,0.0539513936232042,0.0497143054464855
148,0.1,0.0512664347120473,0.0478112803097908,0.0486971130723791,0.0490702463119426,0.054205668123595,0.0500751647622604
150,0.1,0.0513202030951308,0.0478507648519639,0.0487274547077302,0.0490833733486397,0.0541129465224971,0.0503830730952987
152,0.1,0.0513790495974063,0.0479508086214243,0.048875992034002,0.0492622519976779,0.0511453541582002,0.0502696517639476
154,0.1,0.0514435955403972,0.0480048258187408,0.0489559708906566,0.049421051733828,0.051336435235329,0.0505587689612638
156,0.1,0.0515143683616351,0.0479473796626338,0.0490324426338298,0.0494455569360071,0.0508521555261733,0.0508299889375529
158,0.1,0.0515918074015442,0.0480120706250156,0.049090735400516,0.049589452319424,0.050997275152743,0.0510171440855591
160,0.1,0.0487771978506968,0.0471268393039182,0.0485910904174613,0.0493568954056932,0.0505288688325781,0.0507077248137024
162,0.1,0.0490119889574956,0.04720722929673,0.0486734225001208,0.0493695536207373,0.0505877159276486,0.050868270151478
164,0.1,0.0492372590205563,0.0473158634512333,0.0488252140968373,0.049522559228403,0.0504337967168099,0.0509992523643953
166,0.1,0.049453274877884,0.0474011247740106,0.0488903530972614,0.0496598923635747,0.0505959480671963,0.0512406540881576
168,0.1,0.0496603294846248,0.0474775273636025,0.0489774204175294,0.0497755510171474,0.0503803879755391,0.0512079507036298
170,0.1,0.0498587402293104,0.0472717650990942,0.0490654729872507,0.0498025781749225,0.0505624017599714,0.0512460449723705
172,0.1,0.0500378031049823,0.0473578901930339,0.0491367166886795,0.0499379424783151,0.0502295480792662,0.0513342070446387
174,0.1,0.050217514276142,0.0474624079133477,0.0491479081144762,0.0502026051918497,0.0503859958901876,0.0513396692886526
176,0.1,0.0503892077171643,0.0473887159444813,0.0491834889809338,0.0502167017145722,0.0503948735981213,0.0515974375981971
178,0.1,0.0505532092767486,0.0474787138949109,0.0494257628138213,0.0501029502635408,0.0504247512195816,0.0516461001779134
180,0.1,0.0507098787700843,0.0475412964270682,0.0494595358560143,0.0503974036681856,0.050190922194781,0.0516833407056357
182,0.1,0.0508595660769098,0.0476048481305047,0.0495043478025641,0.0504341066135981,0.0503020657285781,0.0518416511492743
184,0.1,0.0510026362358272,0.0476828991403908,0.049571596989464,0.0505019234633342,0.0503690393533113,0.0518926347467436
186,0.1,0.0511394619772557,0.044368624367845,0.0472315020887353,0.0491020951972086,0.0493267516704691,0.0520523144069606
188,0.1,0.051270422397516,0.0444372767205866,0.0472607577854421,0.0486058549956797,0.0494515649638167,0.0521144459814486
190,0.1,0.0513959015999737,0.0443506549001434,0.0473240039964855,0.0489841206921516,0.049346968280229,0.0520805500886808
192,0.1,0.0515162872964551,0.0444068519053633,0.0473476241473405,0.0490792725314005,0.0494804681628941,0.0522266257587396
194,0.1,0.0516319693722575,0.04458413259291,0.0477080867410107,0.049173090420488,0.0494977670284941,0.0515562628434232
196,0.1,0.0517433384161676,0.0438366107444834,0.0474872194329749,0.049421314299279,0.0494640979444071,0.0517548788425701
198,0.1,0.0518507842233038,0.0440453671958845,0.0473917658161569,0.0493458992501642,0.0494520377797354,0.0517317149323961
200,0.1,0.0519546942563008,0.0441199092868051,0.04772811293222,0.0493744074437762,0.0500682338927374,0.0517443686726735
10,0.5,0.060546875,0.0421905517578125,0.0425261466989468,0.0519423081557405,0.0566672311247547,0.0568890803367862
12,0.5,0.05810546875,0.0421905517578125,0.0425261466989468,0.0519423081557405,0.0566672311247547,0.0568890803367862
14,0.5,0.057373046875,0.0421905517578125,0.0425261466989468,0.0519423081557405,0.0566672311247547,0.0568890803367862
16,0.5,0.076812744140625,0.0421905517578125,0.0425261466989468,0.0519423081557405,0.0566672311247547,0.0568890803367862
18,0.5,0.05010986328125,0.0421905517578125,0.0425261466989468,0.0519423081557405,0.0566672311247547,0.0568890803367862
20,0.5,0.0421905517578125,0.0421905517578125,0.0425261466989468,0.0519423081557405,0.0566672311247547,0.0568890803367862
22,0.5,0.0527935028076171,0.0509166717529297,0.0425261466989468,0.0519423081557405,0.0566672311247547,0.0568890803367862
24,0.5,0.0640326738357544,0.0614827871322632,0.0425261466989468,0.0519423081557405,0.0566672311247547,0.0568890803367862
26,0.5,0.0755613148212432,0.072227269411087,0.0425261466989468,0.0519423081557405,0.0566672311247547,0.0568890803367862
28,0.5,0.0410231724381447,0.0444855466485023,0.0425261466989468,0.0519423081557405,0.0566672311247547,0.0568890803367862
30,0.5,0.0455869790166617,0.0464824754744768,0.0425261466989468,0.0519423081557405,0.0566672311247547,0.0568890803367862
32,0.5,0.0515060708858073,0.0506533267907798,0.0425261466989468,0.0519423081557405,0.0566672311247547,0.0568890803367862
34,0.5,0.0576636535115539,0.056891331449151,0.0425261466989468,0.0519423081557405,0.0566672311247547,0.0568890803367862
36,0.5,0.0652654622681439,0.0634378537070006,0.0425261466989468,0.0519423081557405,0.0566672311247547,0.0568890803367862
38,0.5,0.0530647964042146,0.0525159268436255,0.0425261466989468,0.0519423081557405,0.0566672311247547,0.0568890803367862
40,0.5,0.0425261466989468,0.0450916928130027,0.0425261466989468,0.0519423081557405,0.0566672311247547,0.0568890803367862
42,0.5,0.0458762119033054,0.0465315366582217,0.0475589358211437,0.0519423081557405,0.0566672311247547,0.0568890803367862
44,0.5,0.0489589865605922,0.0500784808953085,0.0495665005996671,0.0519423081557405,0.0566672311247547,0.0568890803367862
46,0.5,0.0541658101712983,0.053223013395268,0.0552829719206329,0.0519423081557405,0.0566672311247547,0.0568890803367862
48,0.5,0.0595040339674,0.0574198553059943,0.0586217932292357,0.0519423081557405,0.0566672311247547,0.0568890803367862
50,0.5,0.064926552759445,0.0610589894545015,0.0632268009622692,0.0519423081557405,0.0566672311247547,0.0568890803367862
52,0.5,0.0449403480673722,0.0508076979977008,0.045707752539911,0.0519423081557405,0.0566672311247547,0.0568890803367862
54,0.5,0.0419134510083704,0.0465750110751541,0.0447913588100459,0.0519423081557405,0.0566672311247547,0.0568890803367862
56,0.5,0.0450225655154334,0.0456411371874953,0.0453117032117049,0.0519423081557405,0.0566672311247547,0.0568890803367862
58,0.5,0.0480383540730592,0.0476809228417703,0.0481297831800326,0.0519423081557405,0.0566672311247547,0.0568890803367862
60,0.5,0.0519423081557405,0.0501625339396841,0.0513543142470872,0.0519423081557405,0.0566672311247547,0.0568890803367862
62,0.5,0.0559205196142247,0.0530665845463781,0.0549128906874016,0.0559317198484204,0.0566672311247547,0.0568890803367862
64,0.5,0.0599521288561962,0.0565772537459867,0.0583929171382024,0.059379196313518,0.0566672311247547,0.0568890803367862
66,0.5,0.064022527451602,0.0603676100797942,0.062282978312063,0.0632413195214009,0.0566672311247547,0.0568890803367862
68,0.5,0.0447447137846934,0.0505309512947978,0.046459797915865,0.0442610363845932,0.0566672311247547,0.0568890803367862
70,0.5,0.0428893058571066,0.0460815975042321,0.0452773943303108,0.0445947550576592,0.0566672311247547,0.0568890803367862
72,0.5,0.0452902855949898,0.0479023675461226,0.0462129459698787,0.0452635433648623,0.0566672311247547,0.0568890803367862
74,0.5,0.0475220328449462,0.0476693921001751,0.0478920454544459,0.0477065404582525,0.0566672311247547,0.0568890803367862
76,0.5,0.0505218976463538,0.0493216710287431,0.050045674715933,0.0502719570544846,0.0566672311247547,0.0568890803367862
78,0.5,0.0535809363559551,0.0523017779461659,0.0526192000964007,0.0529309140280089,0.0566672311247547,0.0568890803367862
80,0.5,0.0566672311247548,0.0538734439292076,0.055448960241973,0.0558138830653118,0.0566672311247547,0.0568890803367862
82,0.5,0.0598096609177309,0.0563342031496785,0.0583928886591039,0.0588013462337587,0.0598135438010617,0.0568890803367862
84,0.5,0.0629728697295119,0.0593322184082658,0.0613645559568104,0.0618766589837551,0.0625362024028331,0.0568890803367862
86,0.5,0.0469562658815303,0.051941397236319,0.048584206707086,0.0477519867643122,0.046372744363507,0.0568890803367862
88,0.5,0.0444021679239514,0.0474805104135852,0.0463494296398481,0.0460374863544931,0.0453971572168304,0.0568890803367862
90,0.5,0.045083147912482,0.0473989518101561,0.0462083505748777,0.0462771499419779,0.0461352826730901,0.0568890803367862
92,0.5,0.0470886051415326,0.0492513148148762,0.0474406046107521,0.0476019423297926,0.0475645552321916,0.0568890803367862
94,0.5,0.0494931482398524,0.0491403957378497,0.0491201510861212,0.0494240435137766,0.0493021137461662,0.0568890803367862
96,0.5,0.0519341342351793,0.0507062589783363,0.0509011968743562,0.0514845006697191,0.0515669795370804,0.0568890803367862
98,0.5,0.0543928542976817,0.0528105665599799,0.05300484078047,0.0536970265887877,0.0538125004479948,0.0568890803367862
100,0.5,0.0568890803367862,0.0544050137005005,0.0549087450539231,0.0558666974972628,0.056125257553095,0.0568890803367862
102,0.5,0.0594011004702234,0.0558424932448465,0.0572129089872809,0.0582771438846702,0.0585805556609834,0.0594096353081796
104,0.5,0.0619266526374517,0.0577181603154648,0.0595789118172366,0.060750277694203,0.0610729751502592,0.0614804511002999
106,0.5,0.0435395496406722,0.0491050309717651,0.0491639675886528,0.0461344891104486,0.0454852009054388,0.0447313627334951
108,0.5,0.0435498970378486,0.0504305941427698,0.0472410759510309,0.0457246827953733,0.0449228698291889,0.0448790804285149
110,0.5,0.0452455110309053,0.0474853926327838,0.0467022799129413,0.045769707333289,0.0456460513016949,0.0455169777349754
112,0.5,0.0468300540351252,0.0485483572204821,0.0468822963821554,0.0469819100246278,0.0469306151266732,0.0469263963584511
114,0.5,0.0487810831935524,0.0500442957067307,0.0484962637909878,0.0483592275812401,0.0486060249557771,0.0487131522277642
116,0.5,0.0507374438523549,0.0489155350850568,0.049691096805176,0.0499749754502798,0.0503682265872207,0.0505125036277658
118,0.5,0.0527526556305691,0.0504690984288943,0.0514394091402666,0.0517394398709683,0.0522509995958325,0.052345418887625
120,0.5,0.0547821113295709,0.052399791927889,0.0531230045149302,0.0536065372469201,0.0541423608614955,0.0543131249231113
122,0.5,0.0568229076920634,0.0543574619843383,0.0549667535856779,0.0555526826263822,0.0561147002915121,0.056312709101663
124,0.5,0.0588759824409309,0.0550411609839153,0.0568695810492422,0.0575225306763123,0.0581223416263556,0.058240682553048
126,0.5,0.0579390569295955,0.0553284355275626,0.0568481912460717,0.0571629127296083,0.0572711030411226,0.0572929949958884
128,0.5,0.0448614306630519,0.0492858354011444,0.0490917047832027,0.0484278204569003,0.0477246688227115,0.0458489812271352
130,0.5,0.044342247354822,0.049430457138068,0.0472213169276672,0.0461519265887639,0.0456044101745092,0.0454754680251317
132,0.5,0.0451776574442505,0.0471770148363621,0.0466014931233178,0.046192396143593,0.0460973847664433,0.0460256407288978
134,0.5,0.0465907610622908,0.0480105108655868,0.0475612373629814,0.0468596651299589,0.0468397486479018,0.0469701171032064
136,0.5,0.0482208733876091,0.0494398948875124,0.0481059542286873,0.0479231041583055,0.0480014474691604,0.048186672655585
138,0.5,0.0498542216402973,0.0505609448608324,0.0494100315376507,0.0493128938130531,0.0493796754381545,0.049592194253082
140,0.5,0.0515270536307873,0.0496603082745471,0.0504513833839315,0.0507601274771911,0.0508712492591506,0.0510279384000342
142,0.5,0.0532103574330862,0.050869866747633,0.0518985339716319,0.0522700866366665,0.0524317773222863,0.052611422142582
144,0.5,0.0549020976187115,0.0523780995820207,0.0532603736214447,0.0537024374257836,0.0540418924248731,0.0542581728871533
146,0.5,0.0566033879840364,0.0540186197100059,0.0548195605333782,0.0553117776595457,0.0556900279285927,0.0559261512123934
148,0.5,0.0583119926065833,0.055536397414628,0.056469717211145,0.0568838587596724,0.0573700409379145,0.0576057197425522
150,0.5,0.0550630747217221,0.0540486968903293,0.0546831105041604,0.054694642891334,0.0547474223689546,0.0546056587146882
152,0.5,0.0449421851970967,0.0487103899943112,0.0485337700498235,0.048092524726366,0.0475119124025952,0.0470532586941466
154,0.5,0.0445908791451942,0.049280691212642,0.0473080017529197,0.0470476302939888,0.0461482768599203,0.0456507528095536
156,0.5,0.0452789629279436,0.0489817459898223,0.047650537639736,0.0467960046780287,0.0463119454924691,0.0459831913720366
158,0.5,0.0464436598055793,0.0475733526193127,0.047307343601434,0.0470777048104323,0.0467631448772414,0.0467606668409064
160,0.5,0.0477822362590172,0.0485657071759128,0.0483264706301161,0.0477222431937483,0.0478022031350287,0.0477013133246543
162,0.5,0.049181828389829,0.0498719351930933,0.048814716040623,0.0486205916113047,0.048871684174194,0.0488402119377962
164,0.5,0.0505871564555151,0.0503796806270983,0.0498283612930614,0.0497959725438831,0.0500524515581247,0.0501050515903046
166,0.5,0.0520066031562677,0.0500426202688549,0.0507065454618935,0.0510041474716909,0.0513151650942947,0.0514252058535101
168,0.5,0.0534328822843773,0.0511318837550716,0.0519669635369335,0.0523257269644493,0.0526367680653002,0.0527885288236235
170,0.5,0.0548652405008744,0.0520750116766247,0.053263333092646,0.0536265996068672,0.054002577788606,0.0541825318406712
172,0.5,0.0563036990162754,0.0533741705182376,0.0544492331378309,0.0549961450722307,0.0554067184723781,0.0555950419831923
174,0.5,0.0577474716057996,0.0547473716809973,0.0557986270546325,0.0563809850873428,0.0568217153207769,0.0570103283705337
176,0.5,0.0549654812643909,0.0538082622034644,0.0544971275259477,0.0546780098436177,0.0547511274581036,0.0546267691333572
178,0.5,0.0457907956579576,0.049329100937213,0.0493280308331807,0.0485716493348982,0.048082608009389,0.0475409280821742
180,0.5,0.044502347258425,0.0487123857238991,0.0486692482421486,0.0470863272587401,0.0469074516364393,0.0462054151163504
182,0.5,0.0452521056107558,0.0486660493185333,0.0476047411366481,0.0467551026613681,0.0464277491022428,0.0460877693559836
184,0.5,0.0462970735691515,0.0472223499015148,0.04720383587434,0.0469216495741562,0.0467006853807797,0.0465806798557598
186,0.5,0.047475199245056,0.0478656310019678,0.0477718371035402,0.0477218237318583,0.0473884737135768,0.0474412382438437
188,0.5,0.048650782342465,0.0489206812698101,0.0481680726819968,0.0484499411031612,0.0482725557560883,0.0483867466146431
190,0.5,0.0498559422862807,0.0501339977281283,0.0490792432807793,0.0492500829746701,0.0493129117403231,0.0494351404749332
192,0.5,0.0510655407671191,0.0507670545746295,0.0500741735324178,0.0502679419266154,0.0504372697841833,0.0505496294361935
194,0.5,0.0522835762355242,0.0504951115997233,0.050837011927433,0.0513193353886753,0.0515365793081515,0.0517005477081692
196,0.5,0.0535063155361011,0.0513238766847571,0.0518374478053615,0.0524361924622252,0.0526169529797786,0.0528796576875524
198,0.5,0.0547339156503949,0.0522943491520732,0.0530138307682166,0.0535912106531199,0.0537746903439502,0.0540817774723688
200,0.5,0.0559657604387936,0.0525117721262773,0.053728796230429,0.0544878670890123,0.0547827931369312,0.0551537298398409
