"n","pi","level"
20,0.0145448070889226,0.00951718557544376
22,0.0160233282928149,0.01201694059854
24,0.017506380157004,0.0146765740825068
26,0.0189940045886843,0.0174319102735864
28,0.0204862441451092,0.020220350278212
30,0.0219831420477967,0.0229838057717426
32,0.0234847421971359,0.0256708183279299
34,0.0249910891874098,0.0282379294211139
36,0.0265022283222482,0.0306503948688508
38,0.0280182056305249,0.0328823509888019
40,0.0295390678827172,0.0349165425950023
42,0.0310648626077422,0.0367437186324207
44,0.032595638110288,0.0383617923663949
46,0.0341314434886574,0.0397748515502628
48,0.0356723286531427,0.0409920913053038
50,0.0372183443449511,0.0420267295646013
52,0.0387695421557013,0.042894952541944
54,0.040325974547512,0.0436149262322104
56,0.041887694873705,0.0442058996936455
58,0.0434547574001447,0.0446874169343892
60,0.0450272173272406,0.0450786466587886
62,0.0466051308126358,0.0454334195681473
64,0.0481885549946082,0.0457152777728888
66,0.0497775480162131,0.0459350713100245
68,0.0513721690501954,0.0461266448566654
70,0.0529724783247014,0.0463215772825395
72,0.0545785371498217,0.0465148670941229
74,0.0561904079449996,0.0467084217140975
76,0.0578081542673373,0.0469108359160401
78,0.0594318408408387,0.0471242777964982
80,0.0610615335866254,0.0473499884691644
82,0.0626972996541659,0.0475907330422337
84,0.0643392074535608,0.0478461311697253
86,0.0659873266889265,0.0481144853919594
88,0.0676417283929244,0.0483933368774042
90,0.0693024849624845,0.048679529418902
92,0.0709696701957727,0.048969658638402
94,0.0726433593304567,0.0492603264774141
96,0.0743236290833255,0.0495479526954421
98,0.0760105576913224,0.0498289670210478
100,0.0777042249540536,0.0500999267345067
102,0.0794047122778362,0.0503576569581288
104,0.0811121027213572,0.0505993033431602
106,0.0828264810430125,0.0508224806252651
108,0.0845479337500064,0.051025184670458
110,0.0862765491492872,0.0512058859208634
112,0.0880124174004084,0.0513634721243692
114,0.089755630570402,0.0514971783596595
116,0.0915062826907596,0.051606906355019
118,0.0932644698166206,0.0516926785513932
120,0.0950302900882735,0.051754995699882
122,0.0968038437950816,0.0517946590430223
124,0.0985852334419496,0.0518127486366783
126,0.100374563818459,0.0518105127937272
128,0.102171942070798,0.0517895717731423
130,0.103977477776638,0.0517515333028604
132,0.105791283023083,0.0516981675457707
134,0.10761347248788,0.0516313151656447
136,0.109444163524019,0.0515528527619877
138,0.11128347624794,0.0514646595927117
140,0.113131533631495,0.0513685910413713
142,0.114988461597899,0.0512664483933818
144,0.116854389121857,0.0511599591599122
146,0.118729448334102,0.0510507575812581
148,0.120613774630586,0.0509403694053095
150,0.122507506786579,0.0508302000622318
152,0.124410787075936,0.0507215261692856
154,0.126323761395843,0.0506154900956431
156,0.128246579397332,0.0505130974065368
158,0.130179394621909,0.0504152169310565
160,0.132122364644641,0.0503225831512878
162,0.134075651224077,0.0502358005903285
164,0.136039420459417,0.0501553498793824
166,0.138013842955356,0.050081595129361
168,0.139999093995053,0.0500147922584498
170,0.141995353721748,0.04995509791245
172,0.144002807329539,0.0499025786361517
174,0.146021645263891,0.0498572199786207
176,0.148052063432508,0.0498189352544029
178,0.150094263427207,0.0497875737328544
180,0.152148452757528,0.0497629280877687
182,0.154214845096822,0.0497447410066389
184,0.156293660541665,0.0497327109298245
186,0.158385125885477,0.0497264969606162
188,0.16048947490731,0.0497257230533246
190,0.162606948676847,0.0497299816436455
192,0.164737795876749,0.0497388369295721
194,0.166882273143542,0.0497518280385888
196,0.169040645428405,0.0497684723253122
198,0.171213186379259,0.0497882690319853
200,0.173400178745742,0.0498107035124658
202,0.175601914808755,0.0498352521703685
204,0.177818696836425,0.0498613881969899
206,0.180050837568509,0.0498885881190226
208,0.182298660731426,0.0499163390852639
210,0.184562501586323,0.0499441467414693
212,0.186842707512803,0.0499715434692218
214,0.189139638631193,0.0499980967037482
216,0.191453668466504,0.0500234170017048
218,0.193785184657549,0.0500471655064481
220,0.196134589715044,0.0500690604570195
222,0.19850230183287,0.05008888240812
224,0.200888755757142,0.0501064778701918
226,0.203294403718191,0.0501217611383761
228,0.205719716431126,0.0501347141525297
230,0.208165184171234,0.0501453843128947
232,0.210631317931185,0.050153880262567
234,0.213118650667778,0.0501603657339417
236,0.215627738646841,0.0501650516378391
238,0.218159162895895,0.0501681866478546
240,0.220713530775342,0.050170046596331
242,0.223291477680197,0.0501709230507207
244,0.225893668885883,0.0501711114789715
246,0.228520801553277,0.0501708994392711
248,0.231173606910132,0.0501705552423163
250,0.23385285262821,0.050170317532502
252,0.236559345418034,0.0501703862172772
254,0.239293933866111,0.0501709151408189
256,0.242057511542901,0.0501720068491323
258,0.24485102041381,0.0501737097296814
260,0.247675454590111,0.0501760177317881
262,0.250531864462132,0.0501788727876025
264,0.253421361263443,0.050182169961122
266,0.25634512212228,0.0501857652577708
268,0.259304395665314,0.0501894859305127
270,0.262300508249444,0.0501931430178952
272,0.265334870909831,0.0501965457375077
274,0.268408987127439,0.0501995172230838
276,0.271524461537406,0.0502019109199653
278,0.274683009721403,0.0502036267284961
280,0.277886469253586,0.0502046257031745
282,0.281136812202071,0.0502049417899543
284,0.284436159327441,0.0502046887555942
286,0.287786796268616,0.0502040602084324
288,0.291191192067071,0.0502033205464897
290,0.294652020455998,0.0502027849481669
292,0.298172184436245,0.0502027873117054
294,0.301754844781341,0.0502036365039207
296,0.305403453267784,0.0502055634821186
298,0.309121791624773,0.0502086647620731
300,0.312914017454622,0.050212851079316
302,0.316784718712104,0.0502178134338813
304,0.320738978777215,0.0502230212329768
306,0.32478245475333,0.050227767888156
308,0.328921472432388,0.0502312767270706
310,0.33316314248004,0.0502328731677384
312,0.337515503940935,0.0502322167506452
314,0.341987703351918,0.0502295684310291
316,0.346590220896989,0.0502260451842556
318,0.35133515964806,0.0502237877521295
320,0.356236620833743,0.0502259426509298
322,0.361311198643387,0.0502363433174104
324,0.366578644684716,0.0502587772124739
326,0.3720627791196,0.0502957581448227
328,0.377792770594234,0.0503467999337083
330,0.383804985685845,0.0504063219948822
332,0.390145752089873,0.050461517562894
334,0.396875656528961,0.0504907766912313
336,0.404076568823014,0.0504635516328139
338,0.411863860527028,0.0503428188209347
340,0.420409463416608,0.0500914194276486
342,0.429990515313528,0.0496833883590989
344,0.44111025234815,0.0491207094853441
346,0.454892608023389,0.0484545549902224
348,0.475477535944266,0.0478077996757084
