"pi","level"
0.01,0.0205616563778732
0.011,0.0243996854599418
0.012,0.0280504590624556
0.013,0.0314147267192833
0.014,0.0344241645216018
0.015,0.0370392770273472
0.016,0.0392456137658792
0.017,0.0410491658706525
0.018,0.0424715784962882
0.019,0.0435456091265967
0.02,0.044311092564176
0.021,0.0448115429685231
0.022,0.0450914291801187
0.023,0.0451940965190072
0.024,0.0451602701321457
0.025,0.0450270557210543
0.026,0.0448273476871982
0.027,0.0445895578584993
0.028,0.0443375864331975
0.029,0.0440909679252462
0.03,0.0438651368335804
0.031,0.043671769248094
0.032,0.0435191669153647
0.033,0.0434126590592465
0.034,0.0433550043900044
0.035,0.0433467813162642
0.036,0.043386758572122
0.037,0.0434722415101267
0.038,0.0435993914231176
0.039,0.0437635166647148
0.04,0.0439593352335444
0.041,0.0441812090308429
0.042,0.0444233503213682
0.043,0.0446800011176663
0.044,0.0449455863335352
0.045,0.0452148416563788
0.046,0.0454829171941045
0.047,0.0457454580707292
0.048,0.0459986632769493
0.049,0.0462393242227161
0.05,0.046464844580251
0.051,0.0466732431387618
0.052,0.0468631415075367
0.053,0.0470337385945281
0.054,0.0471847738472545
0.055,0.0473164812681307
0.056,0.047429536205504
0.057,0.0475249968749108
0.058,0.0476042424841916
0.059,0.0476689097242243
0.06,0.0477208292482893
0.061,0.0477619636022762
0.062,0.0477943478902872
0.063,0.0478200342710754
0.064,0.0478410411854403
0.065,0.0478593080182695
0.066,0.0478766557059902
0.067,0.0478947536149549
0.068,0.0479150928422918
0.069,0.0479389659309801
0.07,0.0479674528476552
0.071,0.0480014129465974
0.072,0.0480414825375476
0.073,0.0480880775888888
0.074,0.0481414010312602
0.075,0.0482014540792711
0.076,0.0482680509596897
0.077,0.0483408364219872
0.078,0.0484193054098398
0.079,0.0485028242883507
0.08,0.0485906530494475
0.081,0.0486819679551689
0.082,0.0487758841234108
0.083,0.0488714776112288
0.084,0.048967806605182
0.085,0.0490639313847493
0.086,0.0491589327820373
0.087,0.0492519289174805
0.088,0.0493420900458502
0.089,0.0494286513987096
0.09,0.0495109239576936
0.091,0.0495883031371207
0.092,0.0496602753940487
0.093,0.0497264228187537
0.094,0.0497864257886553
0.095,0.049840063793971
0.096,0.0498872145639976
0.097,0.0499278516391099
0.098,0.049962040545627
0.099,0.0499899337389313
0.1,0.0500117644850116
0.101,0.0500278398522787
0.102,0.0500385329844534
0.103,0.0500442748218917
0.104,0.0500455454332361
0.105,0.0500428651120777
0.106,0.0500367853846747
0.107,0.0500278800649544
0.108,0.050016736482281
0.109,0.0500039469959992
0.11,0.0499901008987662
0.111,0.0499757767983229
0.112,0.0499615355547957
0.113,0.0499479138379845
0.114,0.0499354183565297
0.115,0.0499245207984518
0.116,0.0499156535104655
0.117,0.0499092059317524
0.118,0.0499055217866663
0.119,0.0499048970302079
0.12,0.0499075785301501
0.121,0.0499137634604896
0.122,0.0499235993725273
0.123,0.0499371849024047
0.124,0.0499545710674043
0.125,0.0499757630978035
0.126,0.0500007227465917
0.127,0.0500293710159391
0.128,0.0500615912369501
0.129,0.0500972324379374
0.13,0.0501361129361888
0.131,0.0501780240889352
0.132,0.0502227341409091
0.133,0.0502699921084288
0.134,0.0503195316433106
0.135,0.0503710748239558
0.136,0.0504243358256335
0.137,0.0504790244271381
0.138,0.0505348493165487
0.139,0.0505915211646358
0.14,0.0506487554404261
0.141,0.0507062749494516
0.142,0.0507638120811368
0.143,0.0508211107575462
0.144,0.0508779280811984
0.145,0.0509340356847884
0.146,0.0509892207903603
0.147,0.051043286989674
0.148,0.051096054761184
0.149,0.05114736174212
0.15,0.0511970627766581
0.151,0.0512450297630416
0.152,0.0512911513237902
0.153,0.0513353323238242
0.154,0.0513774932614702
0.155,0.0514175695569242
0.156,0.0514555107619018
0.157,0.0514912797129311
0.158,0.0515248516491214
0.159,0.051556213313323
0.16,0.0515853620534524
0.161,0.0516123049384555
0.162,0.0516370579009857
0.163,0.0516596449164549
0.164,0.0516800972257153
0.165,0.0516984526063274
0.166,0.0517147546951946
0.167,0.0517290523633466
0.168,0.0517413991418715
0.169,0.0517518526964551
0.17,0.051760474346701
0.171,0.0517673286254006
0.172,0.0517724828721896
0.173,0.0517760068555776
0.174,0.0517779724171511
0.175,0.0517784531318169
0.176,0.0517775239782574
0.177,0.0517752610142693
0.178,0.0517717410523515
0.179,0.0517670413317339
0.18,0.0517612391839899
0.181,0.051754411690396
0.182,0.0517466353302755
0.183,0.0517379856206376
0.184,0.0517285367484826
0.185,0.0517183611981427
0.186,0.0517075293769521
0.187,0.0516961092433521
0.188,0.0516841659422289
0.189,0.0516717614528205
0.19,0.051658954254922
0.191,0.0516457990193375
0.192,0.0516323463285819
0.193,0.0516186424337193
0.194,0.0516047290529424
0.195,0.0515906432170601
0.196,0.0515764171664748
0.197,0.0515620783035161
0.198,0.0515476492031641
0.199,0.0515331476842728
0.2,0.0515185869423988
0.201,0.0515039757442944
0.202,0.0514893186830328
0.203,0.0514746164916542
0.204,0.0514598664121391
0.205,0.0514450626154874
0.206,0.0514301966677054
0.207,0.051415258035601
0.208,0.05140023462549
0.209,0.0513851133472267
0.21,0.0513698806953989
0.211,0.0513545233391009
0.212,0.0513390287114028
0.213,0.0513233855894914
0.214,0.0513075846564632
0.215,0.0512916190358985
0.216,0.0512754847906483
0.217,0.0512591813776994
0.218,0.0512427120515512
0.219,0.0512260842092317
0.22,0.0512093096708746
0.221,0.0511924048906786
0.222,0.0511753910940451
0.223,0.0511582943377349
0.224,0.0511411454909702
0.225,0.0511239801365356
0.226,0.0511068383920662
0.227,0.0510897646528392
0.228,0.0510728072585113
0.229,0.0510560180873023
0.23,0.0510394520821739
0.231,0.0510231667144905
0.232,0.0510072213915514
0.233,0.0509916768151594
0.234,0.0509765942990919
0.235,0.0509620350539226
0.236,0.0509480594481073
0.237,0.0509347262546
0.238,0.0509220918924858
0.239,0.050910209673227
0.24,0.0508991290610835
0.241,0.0508888949571371
0.242,0.0508795470160768
0.243,0.050871119004531
0.244,0.0508636382092485
0.245,0.0508571249028493
0.246,0.0508515918741927
0.247,0.0508470440296638
0.248,0.0508434780708504
0.249,0.0508408822532098
0.25,0.0508392362293951
0.251,0.0508385109799469
0.252,0.0508386688330802
0.253,0.0508396635742888
0.254,0.05084144064551
0.255,0.0508439374326006
0.256,0.0508470836389225
0.257,0.0508508017419164
0.258,0.0508550075286566
0.259,0.0508596107055657
0.26,0.0508645155766951
0.261,0.0508696217842901
0.262,0.0508748251047403
0.263,0.0508800182924743
0.264,0.0508850919639092
0.265,0.0508899355132046
0.266,0.05089443805129
0.267,0.0508984893594586
0.268,0.0509019808487313
0.269,0.0509048065161901
0.27,0.0509068638895744
0.271,0.0509080549516073
0.272,0.0509082870357748
0.273,0.0509074736856179
0.274,0.0509055354700038
0.275,0.0509024007473156
0.276,0.0508980063720368
0.277,0.0508922983377891
0.278,0.0508852323515213
0.279,0.0508767743342146
0.28,0.0508669008441761
0.281,0.050855599419715
0.282,0.0508428688387398
0.283,0.0508287192935637
0.284,0.0508131724799539
0.285,0.0507962616002007
0.286,0.0507780312807147
0.287,0.0507585374053589
0.288,0.0507378468664093
0.289,0.0507160372356787
0.29,0.0506931963589468
0.291,0.0506694218774066
0.292,0.0506448206803498
0.293,0.0506195082937876
0.294,0.0505936082101101
0.295,0.0505672511642492
0.296,0.0505405743621114
0.297,0.0505137206672855
0.298,0.0504868377522217
0.299,0.0504600772201976
0.3,0.0504335937044622
0.301,0.0504075439509593
0.302,0.0503820858909948
0.303,0.0503573777101209
0.304,0.0503335769193682
0.305,0.0503108394347786
0.306,0.050289318670962
0.307,0.0502691646541368
0.308,0.0502505231598202
0.309,0.0502335348800062
0.31,0.0502183346243182
0.311,0.0502050505592537
0.312,0.0501938034892485
0.313,0.0501847061828882
0.314,0.0501778627471908
0.315,0.0501733680524715
0.316,0.050171307209889
0.317,0.0501717551033716
0.318,0.0501747759772199
0.319,0.0501804230802974
0.32,0.0501887383673466
0.321,0.0501997522576142
0.322,0.050213483450626
0.323,0.0502299387986411
0.324,0.0502491132350158
0.325,0.0502709897574378
0.326,0.0502955394647424
0.327,0.0503227216458036
0.328,0.050352483918788
0.329,0.050384762418898
0.33,0.0504194820325671
0.331,0.0504565566759617
0.332,0.050495889615528
0.333,0.0505373738282514
0.334,0.05058089239923
0.335,0.050626318954126
0.336,0.0506735181240326
0.337,0.0507223460402859
0.338,0.0507726508567553
0.339,0.0508242732971642
0.34,0.050877047225016
0.341,0.0509308002337409
0.342,0.050985354254712
0.343,0.0510405261808323
0.344,0.0510961285034408
0.345,0.0511519699603314
0.346,0.0512078561927413
0.347,0.0512635904092008
0.348,0.0513189740541962
0.349,0.0513738074796402
0.35,0.0514278906171825
0.351,0.0514810236494381
0.352,0.0515330076782408
0.353,0.0515836453880636
0.354,0.0516327417027714
0.355,0.0516801044338969
0.356,0.0517255449186463
0.357,0.0517688786458643
0.358,0.0518099258681957
0.359,0.0518485121986984
0.36,0.0518844691901756
0.361,0.0519176348955066
0.362,0.0519478544072711
0.363,0.0519749803749822
0.364,0.0519988734982604
0.365,0.0520194029943132
0.366,0.0520364470381098
0.367,0.0520498931736869
0.368,0.0520596386950626
0.369,0.0520655909952948
0.37,0.0520676678822821
0.371,0.0520657978599832
0.372,0.0520599203738125
0.373,0.0520499860190687
0.374,0.0520359567113574
0.375,0.0520178058180892
0.376,0.0519955182502604
0.377,0.0519690905138671
0.378,0.0519385307204475
0.379,0.0519038585564122
0.38,0.0518651052109846
0.381,0.0518223132627537
0.382,0.0517755365250193
0.383,0.0517248398503024
0.384,0.0516702988945812
0.385,0.0516119998420128
0.386,0.0515500390910906
0.387,0.0514845229033917
0.388,0.0514155670162561
0.389,0.0513432962209339
0.39,0.0512678439079224
0.391,0.0511893515813932
0.392,0.0511079683447814
0.393,0.051023850359769
0.394,0.0509371602810451
0.395,0.0508480666693632
0.396,0.0507567433855367
0.397,0.0506633689681228
0.398,0.050568125997637
0.399,0.0504712004502125
0.4,0.0503727810436785
0.401,0.0502730585790624
0.402,0.0501722252805494
0.403,0.0500704741369217
0.404,0.0499679982474882
0.405,0.0498649901754696
0.406,0.0497616413117514
0.407,0.049658141251835
0.408,0.0495546771887281
0.409,0.0494514333243977
0.41,0.0493485903022855
0.411,0.0492463246632408
0.412,0.0491448083270686
0.413,0.0490442081017196
0.414,0.0489446852219707
0.415,0.0488463949192492
0.416,0.0487494860240606
0.417,0.0486541006022671
0.418,0.0485603736262601
0.419,0.0484684326818494
0.42,0.0483783977114832
0.421,0.0482903807941914
0.422,0.0482044859624322
0.423,0.048120809055815
0.424,0.0480394376114624
0.425,0.0479604507905741
0.426,0.0478839193405704
0.427,0.0478099055919979
0.428,0.0477384634892196
0.429,0.0476696386537393
0.43,0.0476034684788657
0.431,0.0475399822542827
0.432,0.0474792013189689
0.433,0.0474211392407963
0.434,0.0473658020210488
0.435,0.0473131883220154
0.436,0.0472632897157457
0.437,0.0472160909520116
0.438,0.0471715702434727
0.439,0.0471296995660285
0.44,0.047090444972328
0.441,0.0470537669164147
0.442,0.0470196205875032
0.443,0.0469879562509148
0.444,0.0469587195942421
0.445,0.046931852076865
0.446,0.0469072912810092
0.447,0.0468849712626025
0.448,0.0468648229002755
0.449,0.0468467742409348
0.45,0.046830750840432
0.451,0.0468166760979578
0.452,0.046804471582888
0.453,0.0467940573529194
0.454,0.0467853522624453
0.455,0.0467782742602291
0.456,0.0467727406755487
0.457,0.0467686684920969
0.458,0.0467659746090342
0.459,0.0467645760886985
0.46,0.0467643903905838
0.461,0.0467653355913076
0.462,0.046767330590379
0.463,0.046770295301684
0.464,0.0467741508306904
0.465,0.0467788196374629
0.466,0.0467842256856599
0.467,0.0467902945777591
0.468,0.0467969536768293
0.469,0.0468041322152251
0.47,0.0468117613906458
0.471,0.0468197744500454
0.472,0.0468281067619284
0.473,0.0468366958776051
0.474,0.0468454815820134
0.475,0.0468544059347426
0.476,0.0468634133019148
0.477,0.0468724503795976
0.478,0.0468814662094331
0.479,0.0468904121871755
0.48,0.0468992420648269
0.481,0.0469079119470657
0.482,0.0469163802826482
0.483,0.0469246078514569
0.484,0.0469325577478545
0.485,0.0469401953609839
0.486,0.0469474883526338
0.487,0.0469544066332677
0.488,0.0469609223367873
0.489,0.0469670097945721
0.49,0.0469726455093083
0.491,0.0469778081290878
0.492,0.0469824784222245
0.493,0.0469866392532
0.494,0.0469902755601144
0.495,0.0469933743339827
0.496,0.0469959246001762
0.497,0.0469979174022716
0.498,0.0469993457885321
0.499,0.0470002048012008
0.5,0.0470004914687522
