"q","pa","shift","fixed","reestimation"
1,0.5,-0.2,0.862431736983696,0.800081227561469
1,0.5,-0.1,0.819084393531339,0.799749187764186
1,0.5,0,0.794894178848215,0.79526018684146
1,0.5,0.1,0.81908439353134,0.799749187764192
1,0.5,0.2,0.862431736983696,0.800081227561469
1,0.7,-0.2,0.720949642948601,0.795290689332327
1,0.7,-0.1,0.750599834802468,0.799217602644774
1,0.7,0,0.800576158071633,0.799893336408449
1,0.7,0.1,0.891917434162722,0.802954448374973
1,0.7,0.2,0.987224987199472,0.847314052587327
0.333333333333333,0.5,-0.2,0.843311780895052,0.800062938251686
0.333333333333333,0.5,-0.1,0.804378131823021,0.799797625784949
0.333333333333333,0.5,0,0.801186429236755,0.799549578464843
0.333333333333333,0.5,0.1,0.826892571667731,0.7994258428275
0.333333333333333,0.5,0.2,0.883689478562392,0.800048342625795
0.333333333333333,0.7,-0.2,0.700904277012706,0.799374810924413
0.333333333333333,0.7,-0.1,0.732316719134365,0.799263332731489
0.333333333333333,0.7,0,0.802471500377225,0.799857023354001
0.333333333333333,0.7,0.1,0.909774344583174,0.803186720560759
0.333333333333333,0.7,0.2,0.995960085060929,0.907742290080408
