"pA","Delta","fraction","r","nE","nC","n1E","n1C","fixed","ips","ips.stop"
0.3,0.15,0.25,1,146,146,37,37,0.0253712086902886,0.0252269461540586,0.0252269472817529
0.31,0.15,0.25,1,149,149,38,38,0.0254067945575596,0.0251599278378214,0.0251599277720995
0.32,0.15,0.25,1,151,151,38,38,0.0251237932777894,0.0251669969805474,0.0251669969884297
0.33,0.15,0.25,1,154,154,39,39,0.0246792247185216,0.0250970829966595,0.025097082975639
0.34,0.15,0.25,1,156,156,39,39,0.0251239906623418,0.025081022621775,0.0250810226142894
0.35,0.15,0.25,1,158,158,40,40,0.0255612277697309,0.025133628370642,0.0251336283715164
0.36,0.15,0.25,1,160,160,40,40,0.0253225380197533,0.0251371408293466,0.0251371408296177
0.37,0.15,0.25,1,162,162,41,41,0.0246508101880874,0.0251903656032646,0.0251903655981579
0.38,0.15,0.25,1,164,164,41,41,0.0242386360334319,0.0252279532688156,0.0252279532671232
0.39,0.15,0.25,1,165,165,42,42,0.0245426959873874,0.0252303631967771,0.025230363196463
0.4,0.15,0.25,1,167,167,42,42,0.0253229633910755,0.0252917502154596,0.0252917502153624
0.41,0.15,0.25,1,168,168,42,42,0.0260667477255165,0.0252956689253648,0.0252956689253355
0.42,0.15,0.25,1,169,169,43,43,0.0266998319169078,0.0252416996607966,0.0252416996607912
0.43,0.15,0.25,1,170,170,43,43,0.0264628831480979,0.0250799372647367,0.0250799372647352
0.44,0.15,0.25,1,171,171,43,43,0.0251429672594356,0.0248470006131115,0.0248470006131111
0.45,0.15,0.25,1,172,172,43,43,0.0240780538050496,0.0245766252497022,0.0245766252497021
0.46,0.15,0.25,1,173,173,44,44,0.0233102664736665,0.0243500131158844,0.0243500131158844
0.47,0.15,0.25,1,173,173,44,44,0.02324722201467,0.0241109289423445,0.0241109289423445
0.48,0.15,0.25,1,173,173,44,44,0.0232498490014754,0.0239282366367617,0.0239282366367617
0.49,0.15,0.25,1,174,174,44,44,0.0235711766506444,0.0238151413600164,0.0238151413600164
0.5,0.15,0.25,1,174,174,44,44,0.0235884027564383,0.0237770190022161,0.0237770190022161
0.3,0.2,0.25,1,82,82,21,21,0.0250164521635943,0.0253420565396147,0.0253725645072644
0.31,0.2,0.25,1,83,83,21,21,0.0254279962626861,0.0253253343396538,0.0253461160920124
0.32,0.2,0.25,1,85,85,22,22,0.0247444639886663,0.0253208961735913,0.0253286642175058
0.33,0.2,0.25,1,86,86,22,22,0.0247603695816715,0.0253220053008638,0.0253270204887657
0.34,0.2,0.25,1,87,87,22,22,0.024917866480307,0.0252955354991037,0.0252987259811936
0.35,0.2,0.25,1,89,89,23,23,0.0252049227169571,0.0251785431595403,0.0251794990789054
0.36,0.2,0.25,1,90,90,23,23,0.0258910821314606,0.0251228618219943,0.0251234362734158
0.37,0.2,0.25,1,91,91,23,23,0.0260704967266185,0.0250500556542704,0.0250503959011685
0.38,0.2,0.25,1,92,92,23,23,0.0253094082618292,0.0249697102600773,0.0249699088640824
0.39,0.2,0.25,1,93,93,24,24,0.025088301644581,0.0250497315817653,0.0250497791012327
0.4,0.2,0.25,1,93,93,24,24,0.0246259690986224,0.0249985058457762,0.0249985318270359
0.41,0.2,0.25,1,94,94,24,24,0.0237618332184416,0.0249737283640883,0.0249737423561249
0.42,0.2,0.25,1,95,95,24,24,0.0241065597826546,0.0249819448012635,0.0249819522210922
0.43,0.2,0.25,1,96,96,24,24,0.0245343895069035,0.0250239321313639,0.0250239360044071
0.44,0.2,0.25,1,96,96,24,24,0.0247632691900798,0.0250947523227566,0.0250947543121153
0.45,0.2,0.25,1,96,96,24,24,0.0249814185324696,0.0251849679978175,0.0251849690031018
0.46,0.2,0.25,1,97,97,25,25,0.0257724676968557,0.0251865836720299,0.0251865838439292
0.47,0.2,0.25,1,97,97,25,25,0.0259322456355173,0.0253035916737218,0.0253035917545342
0.48,0.2,0.25,1,97,97,25,25,0.0260482009439311,0.025399317507883,0.02539931754608
0.49,0.2,0.25,1,97,97,25,25,0.0261183333416547,0.0254618251721506,0.025461825191938
0.5,0.2,0.25,1,97,97,25,25,0.0261417881177621,0.0254835262806322,0.0254835262953149
0.3,0.25,0.25,1,52,52,13,13,0.0257144446996962,0.0255135475707019,0.0249080366957426
0.31,0.25,0.25,1,53,53,14,14,0.0261024320430202,0.0251699549986905,0.0249052370134386
0.32,0.25,0.25,1,54,54,14,14,0.0252810445895015,0.0252212885390378,0.0250232042678082
0.33,0.25,0.25,1,55,55,14,14,0.0262426232634441,0.0252694589048709,0.025122466001732
0.34,0.25,0.25,1,56,56,14,14,0.0256930559400714,0.0253189275880299,0.0252107568948042
0.35,0.25,0.25,1,56,56,14,14,0.0254836351582913,0.0253761102473586,0.0252971780055322
0.36,0.25,0.25,1,57,57,15,15,0.0255275638968335,0.0256657188439687,0.0256396457327372
0.37,0.25,0.25,1,58,58,15,15,0.0239650433951961,0.0257456162961023,0.0257274743493756
0.38,0.25,0.25,1,58,58,15,15,0.0238663873076906,0.0258682774650337,0.0258557692646792
0.39,0.25,0.25,1,59,59,15,15,0.0245313322089511,0.0260321056342348,0.0260235609919701
0.4,0.25,0.25,1,60,60,15,15,0.0254771320474898,0.026232178799666,0.0262263960276955
0.41,0.25,0.25,1,60,60,15,15,0.0257386842876315,0.0264608769187093,0.0264570001717203
0.42,0.25,0.25,1,60,60,15,15,0.0260208554358225,0.0267085793565086,0.0267060051790125
0.43,0.25,0.25,1,61,61,16,16,0.0272158575664975,0.0266906416761442,0.0266900427165723
0.44,0.25,0.25,1,61,61,16,16,0.0275268341519631,0.0269636715882601,0.0269632977255087
0.45,0.25,0.25,1,61,61,16,16,0.0277942179156271,0.0272193464077622,0.0272191153356065
0.46,0.25,0.25,1,62,62,16,16,0.0290322525043627,0.027445929538577,0.0274457876492621
0.47,0.25,0.25,1,62,62,16,16,0.0292094485552753,0.0276332655061354,0.027633178058993
0.48,0.25,0.25,1,62,62,16,16,0.0293363305590777,0.0277731381482595,0.0277730824810643
0.49,0.25,0.25,1,62,62,16,16,0.0294125643824359,0.0278595175534715,0.0278594783514747
0.5,0.25,0.25,1,62,62,16,16,0.0294379912204655,0.0278887230904432,0.0278886889662019
0.3,0.3,0.25,1,36,36,9,9,0.0262406852622088,0.0253913404529018,0.0243871730500757
0.31,0.3,0.25,1,37,37,10,10,0.0252715281127166,0.0261173868819351,0.0255979841650408
0.32,0.3,0.25,1,37,37,10,10,0.0251213149282302,0.0261828859515905,0.0257612727339073
0.33,0.3,0.25,1,38,38,10,10,0.0254326578437449,0.0262641902720715,0.0259240000415792
0.34,0.3,0.25,1,38,38,10,10,0.0251765410896215,0.026364727051559,0.026091845152184
0.35,0.3,0.25,1,39,39,10,10,0.0255417227643221,0.0264855118200539,0.0262678903059486
0.36,0.3,0.25,1,39,39,10,10,0.0253893732316598,0.0266251424480733,0.0264525923486817
0.37,0.3,0.25,1,40,40,10,10,0.0249711696957666,0.0267800589488871,0.0266440357506322
0.38,0.3,0.25,1,40,40,10,10,0.0253279360426404,0.0269450369590874,0.0268384303675759
0.39,0.3,0.25,1,41,41,11,11,0.0270644881220349,0.0263796244542597,0.0261879641055034
0.4,0.3,0.25,1,41,41,11,11,0.0275036809370881,0.0264293616085973,0.0262809212543237
0.41,0.3,0.25,1,41,41,11,11,0.0279254711472374,0.0264310779809488,0.0263167941343051
0.42,0.3,0.25,1,42,42,11,11,0.0298275732920218,0.0263827051908351,0.0262952089785463
0.43,0.3,0.25,1,42,42,11,11,0.030207726104521,0.0262881192042155,0.0262214497144583
0.44,0.3,0.25,1,42,42,11,11,0.0305423194166843,0.0261568179366633,0.0261061692244777
0.45,0.3,0.25,1,42,42,11,11,0.030828464058462,0.026002842806261,0.0259643425692085
0.46,0.3,0.25,1,43,43,11,11,0.0246874711759396,0.0258431084699494,0.0258136251861464
0.47,0.3,0.25,1,43,43,11,11,0.0241918569677119,0.0256953819171284,0.0256723565084476
0.48,0.3,0.25,1,43,43,11,11,0.0238063427911988,0.0255761829764339,0.0255574806743902
0.49,0.3,0.25,1,43,43,11,11,0.02356187315518,0.0254988653850146,0.0254826433139626
0.5,0.3,0.25,1,43,43,11,11,0.0234781329407651,0.0254720930147445,0.0254566789712984
0.3,0.15,0.5,1,146,146,73,73,0.0253712086902886,0.0252095305601166,0.0252095305601166
0.31,0.15,0.5,1,149,149,75,75,0.0254067945575596,0.0251893867214158,0.0251893867214158
0.32,0.15,0.5,1,151,151,76,76,0.0251237932777894,0.025180061619701,0.025180061619701
0.33,0.15,0.5,1,154,154,77,77,0.0246792247185216,0.0251281289344963,0.0251281289344963
0.34,0.15,0.5,1,156,156,78,78,0.0251239906623418,0.0251179060095644,0.0251179060095644
0.35,0.15,0.5,1,158,158,79,79,0.0255612277697309,0.0251279293275806,0.0251279293275806
0.36,0.15,0.5,1,160,160,80,80,0.0253225380197533,0.0250803226944612,0.0250803226944612
0.37,0.15,0.5,1,162,162,81,81,0.0246508101880874,0.0250827645216326,0.0250827645216326
0.38,0.15,0.5,1,164,164,82,82,0.0242386360334319,0.0251471892802972,0.0251471892802972
0.39,0.15,0.5,1,165,165,83,83,0.0245426959873874,0.0252622529660653,0.0252622529660653
0.4,0.15,0.5,1,167,167,84,84,0.0253229633910755,0.0253401606170364,0.0253401606170364
0.41,0.15,0.5,1,168,168,84,84,0.0260667477255165,0.0253871555934935,0.0253871555934935
0.42,0.15,0.5,1,169,169,85,85,0.0266998319169078,0.0253270633365787,0.0253270633365787
0.43,0.15,0.5,1,170,170,85,85,0.0264628831480979,0.0251503498649685,0.0251503498649685
0.44,0.15,0.5,1,171,171,86,86,0.0251429672594356,0.0248673329098873,0.0248673329098873
0.45,0.15,0.5,1,172,172,86,86,0.0240780538050496,0.024521741998579,0.024521741998579
0.46,0.15,0.5,1,173,173,87,87,0.0233102664736665,0.0242073246881864,0.0242073246881864
0.47,0.15,0.5,1,173,173,87,87,0.02324722201467,0.0239198826176038,0.0239198826176038
0.48,0.15,0.5,1,173,173,87,87,0.0232498490014754,0.0237193161055423,0.0237193161055423
0.49,0.15,0.5,1,174,174,87,87,0.0235711766506444,0.0236062608094247,0.0236062608094247
0.5,0.15,0.5,1,174,174,87,87,0.0235884027564383,0.0235704357133831,0.0235704357133831
0.3,0.2,0.5,1,82,82,41,41,0.0250164521635943,0.0253143241491978,0.0253143241491978
0.31,0.2,0.5,1,83,83,42,42,0.0254279962626861,0.0252206901651527,0.0252206901651527
0.32,0.2,0.5,1,85,85,43,43,0.0247444639886663,0.0253250560928563,0.0253250560928563
0.33,0.2,0.5,1,86,86,43,43,0.0247603695816715,0.0253063359562307,0.0253063359562307
0.34,0.2,0.5,1,87,87,44,44,0.024917866480307,0.0253046015878909,0.0253046015878909
0.35,0.2,0.5,1,89,89,45,45,0.0252049227169571,0.0252454312568879,0.0252454312568879
0.36,0.2,0.5,1,90,90,45,45,0.0258910821314606,0.0252032920842503,0.0252032920842503
0.37,0.2,0.5,1,91,91,46,46,0.0260704967266185,0.025125319262276,0.025125319262276
0.38,0.2,0.5,1,92,92,46,46,0.0253094082618292,0.0250149907713804,0.0250149907713804
0.39,0.2,0.5,1,93,93,47,47,0.025088301644581,0.0249411271261388,0.0249411271261388
0.4,0.2,0.5,1,93,93,47,47,0.0246259690986224,0.0248650235994112,0.0248650235994112
0.41,0.2,0.5,1,94,94,47,47,0.0237618332184416,0.0248250164019825,0.0248250164019825
0.42,0.2,0.5,1,95,95,48,48,0.0241065597826546,0.0248657478797194,0.0248657478797194
0.43,0.2,0.5,1,96,96,48,48,0.0245343895069035,0.0249274179360068,0.0249274179360068
0.44,0.2,0.5,1,96,96,48,48,0.0247632691900798,0.0250413116437815,0.0250413116437815
0.45,0.2,0.5,1,96,96,48,48,0.0249814185324696,0.02519246162359,0.02519246162359
0.46,0.2,0.5,1,97,97,49,49,0.0257724676968557,0.0253084570579099,0.0253084570579099
0.47,0.2,0.5,1,97,97,49,49,0.0259322456355173,0.0254835213842449,0.0254835213842449
0.48,0.2,0.5,1,97,97,49,49,0.0260482009439311,0.0256258345037721,0.0256258345037721
0.49,0.2,0.5,1,97,97,49,49,0.0261183333416547,0.0257182278161221,0.0257182278161221
0.5,0.2,0.5,1,97,97,49,49,0.0261417881177621,0.0257501973679908,0.0257501973679908
0.3,0.25,0.5,1,52,52,26,26,0.0257144446996962,0.0254044624827699,0.0254044624827699
0.31,0.25,0.5,1,53,53,27,27,0.0261024320430202,0.0257082966461533,0.0257082966461533
0.32,0.25,0.5,1,54,54,27,27,0.0252810445895015,0.0256345705439556,0.0256345705439556
0.33,0.25,0.5,1,55,55,28,28,0.0262426232634441,0.0253682143566151,0.0253682143566151
0.34,0.25,0.5,1,56,56,28,28,0.0256930559400714,0.0253336755873435,0.0253336755873435
0.35,0.25,0.5,1,56,56,28,28,0.0254836351582913,0.0253195299340865,0.0253195299340865
0.36,0.25,0.5,1,57,57,29,29,0.0255275638968335,0.0255082616485324,0.0255082616485324
0.37,0.25,0.5,1,58,58,29,29,0.0239650433951961,0.0255441215451537,0.0255441215451537
0.38,0.25,0.5,1,58,58,29,29,0.0238663873076906,0.0256322931477252,0.0256322931477252
0.39,0.25,0.5,1,59,59,30,30,0.0245313322089511,0.0258697465216648,0.0258697465216648
0.4,0.25,0.5,1,60,60,30,30,0.0254771320474898,0.0261005309200614,0.0261005309200614
0.41,0.25,0.5,1,60,60,30,30,0.0257386842876315,0.026376249353519,0.026376249353519
0.42,0.25,0.5,1,60,60,30,30,0.0260208554358225,0.0266858364998389,0.0266858364998389
0.43,0.25,0.5,1,61,61,31,31,0.0272158575664975,0.0270273798753997,0.0270273798753997
0.44,0.25,0.5,1,61,61,31,31,0.0275268341519631,0.0273878778414593,0.0273878778414593
0.45,0.25,0.5,1,61,61,31,31,0.0277942179156271,0.0277308430153238,0.0277308430153238
0.46,0.25,0.5,1,62,62,31,31,0.0290322525043627,0.0280380613318647,0.0280380613318647
0.47,0.25,0.5,1,62,62,31,31,0.0292094485552753,0.0282938105520456,0.0282938105520456
0.48,0.25,0.5,1,62,62,31,31,0.0293363305590777,0.028485538571151,0.028485538571151
0.49,0.25,0.5,1,62,62,31,31,0.0294125643824359,0.0286041970608354,0.0286041970608354
0.5,0.25,0.5,1,62,62,31,31,0.0294379912204655,0.0286443527957386,0.0286443527957386
0.3,0.3,0.5,1,36,36,18,18,0.0262406852622088,0.0262191434862984,0.0262231839395438
0.31,0.3,0.5,1,37,37,19,19,0.0252715281127166,0.0258145845436218,0.0258488253726592
0.32,0.3,0.5,1,37,37,19,19,0.0251213149282302,0.0258707041488219,0.0258959219911679
0.33,0.3,0.5,1,38,38,19,19,0.0254326578437449,0.0259484017506046,0.0259667304629454
0.34,0.3,0.5,1,38,38,19,19,0.0251765410896215,0.0260521662774096,0.026065314660147
0.35,0.3,0.5,1,39,39,20,20,0.0255417227643221,0.0264742715234961,0.0264742715234961
0.36,0.3,0.5,1,39,39,20,20,0.0253893732316598,0.0265621486238709,0.0265621486238709
0.37,0.3,0.5,1,40,40,20,20,0.0249711696957666,0.0266766508317134,0.0266766508317134
0.38,0.3,0.5,1,40,40,20,20,0.0253279360426404,0.0268069120993755,0.0268069120993755
0.39,0.3,0.5,1,41,41,21,21,0.0270644881220349,0.0263180574854655,0.0263180574854655
0.4,0.3,0.5,1,41,41,21,21,0.0275036809370881,0.0263360827638841,0.0263360827638841
0.41,0.3,0.5,1,41,41,21,21,0.0279254711472374,0.0263137396537938,0.0263137396537938
0.42,0.3,0.5,1,42,42,21,21,0.0298275732920218,0.0262457299947059,0.0262457299947059
0.43,0.3,0.5,1,42,42,21,21,0.030207726104521,0.0261329546170077,0.0261329546170077
0.44,0.3,0.5,1,42,42,21,21,0.0305423194166843,0.025982883363368,0.025982883363368
0.45,0.3,0.5,1,42,42,21,21,0.030828464058462,0.0258088522215863,0.0258088522215863
0.46,0.3,0.5,1,43,43,22,22,0.0246874711759396,0.0258378614131731,0.0258378614131731
0.47,0.3,0.5,1,43,43,22,22,0.0241918569677119,0.0256622850885215,0.0256622850885215
0.48,0.3,0.5,1,43,43,22,22,0.0238063427911988,0.0255205403571862,0.0255205403571862
0.49,0.3,0.5,1,43,43,22,22,0.02356187315518,0.0254285057217943,0.0254285057217943
0.5,0.3,0.5,1,43,43,22,22,0.0234781329407651,0.0253966157246974,0.0253966157246974
0.3,0.15,0.75,1,146,146,110,110,0.0253712086902886,0.025181128535647,0.025181128535647
0.31,0.15,0.75,1,149,149,112,112,0.0254067945575596,0.0251482752876107,0.0251482752876107
0.32,0.15,0.75,1,151,151,114,114,0.0251237932777894,0.0251531923598358,0.0251531923598358
0.33,0.15,0.75,1,154,154,116,116,0.0246792247185216,0.0251625688395869,0.0251625688395869
0.34,0.15,0.75,1,156,156,117,117,0.0251239906623418,0.0251525286699261,0.0251525286699261
0.35,0.15,0.75,1,158,158,119,119,0.0255612277697309,0.0251242772602172,0.0251242772602172
0.36,0.15,0.75,1,160,160,120,120,0.0253225380197533,0.0250846959430433,0.0250846959430433
0.37,0.15,0.75,1,162,162,122,122,0.0246508101880874,0.0250837459284853,0.0250837459284853
0.38,0.15,0.75,1,164,164,123,123,0.0242386360334319,0.0251257874976443,0.0251257874976443
0.39,0.15,0.75,1,165,165,124,124,0.0245426959873874,0.0252167828819489,0.0252167828819489
0.4,0.15,0.75,1,167,167,126,126,0.0253229633910755,0.0253205063350178,0.0253205063350178
0.41,0.15,0.75,1,168,168,126,126,0.0260667477255165,0.0254065478674858,0.0254065478674858
0.42,0.15,0.75,1,169,169,127,127,0.0266998319169078,0.0254089153660606,0.0254089153660606
0.43,0.15,0.75,1,170,170,128,128,0.0264628831480979,0.0252262899358666,0.0252262899358666
0.44,0.15,0.75,1,171,171,129,129,0.0251429672594356,0.0249069494256627,0.0249069494256627
0.45,0.15,0.75,1,172,172,129,129,0.0240780538050496,0.0245005054550439,0.0245005054550439
0.46,0.15,0.75,1,173,173,130,130,0.0233102664736665,0.0241231483105816,0.0241231483105816
0.47,0.15,0.75,1,173,173,130,130,0.02324722201467,0.0238277409194273,0.0238277409194273
0.48,0.15,0.75,1,173,173,130,130,0.0232498490014754,0.0236410520504293,0.0236410520504293
0.49,0.15,0.75,1,174,174,131,131,0.0235711766506444,0.0235610085253412,0.0235610085253412
0.5,0.15,0.75,1,174,174,131,131,0.0235884027564383,0.0235332434161902,0.0235332434161902
0.3,0.2,0.75,1,82,82,62,62,0.0250164521635943,0.0253618554095046,0.0253618554095046
0.31,0.2,0.75,1,83,83,63,63,0.0254279962626861,0.0253607676182595,0.0253607676182595
0.32,0.2,0.75,1,85,85,64,64,0.0247444639886663,0.0252753448980763,0.0252753448980763
0.33,0.2,0.75,1,86,86,65,65,0.0247603695816715,0.0253270261441731,0.0253270261441731
0.34,0.2,0.75,1,87,87,66,66,0.024917866480307,0.0252888084498177,0.0252888084498177
0.35,0.2,0.75,1,89,89,67,67,0.0252049227169571,0.0252596887155593,0.0252596887155593
0.36,0.2,0.75,1,90,90,68,68,0.0258910821314606,0.0252859278443381,0.0252859278443381
0.37,0.2,0.75,1,91,91,69,69,0.0260704967266185,0.0251253670219936,0.0251253670219936
0.38,0.2,0.75,1,92,92,69,69,0.0253094082618292,0.0250506574536181,0.0250506574536181
0.39,0.2,0.75,1,93,93,70,70,0.025088301644581,0.0249694371247626,0.0249694371247626
0.4,0.2,0.75,1,93,93,70,70,0.0246259690986224,0.0248601570325142,0.0248601570325142
0.41,0.2,0.75,1,94,94,71,71,0.0237618332184416,0.0247718763389775,0.0247718763389775
0.42,0.2,0.75,1,95,95,72,72,0.0241065597826546,0.0248141758703739,0.0248141758703739
0.43,0.2,0.75,1,96,96,72,72,0.0245343895069035,0.0248977764678804,0.0248977764678804
0.44,0.2,0.75,1,96,96,72,72,0.0247632691900798,0.0250445610546026,0.0250445610546026
0.45,0.2,0.75,1,96,96,72,72,0.0249814185324696,0.0252337691726023,0.0252337691726023
0.46,0.2,0.75,1,97,97,73,73,0.0257724676968557,0.0254785255178582,0.0254785255178582
0.47,0.2,0.75,1,97,97,73,73,0.0259322456355173,0.0256685525806829,0.0256685525806829
0.48,0.2,0.75,1,97,97,73,73,0.0260482009439311,0.0258215352838076,0.0258215352838076
0.49,0.2,0.75,1,97,97,73,73,0.0261183333416547,0.0259201077537489,0.0259201077537489
0.5,0.2,0.75,1,97,97,73,73,0.0261417881177621,0.0259540740971385,0.0259540740971385
0.3,0.25,0.75,1,52,52,39,39,0.0257144446996962,0.0255398213802208,0.0255398213802208
0.31,0.25,0.75,1,53,53,40,40,0.0261024320430202,0.025652732781447,0.025652732781447
0.32,0.25,0.75,1,54,54,41,41,0.0252810445895015,0.0254403710090852,0.0254403710090852
0.33,0.25,0.75,1,55,55,42,42,0.0262426232634441,0.0255427598368878,0.0255427598368878
0.34,0.25,0.75,1,56,56,42,42,0.0256930559400714,0.0255039222745361,0.0255039222745361
0.35,0.25,0.75,1,56,56,42,42,0.0254836351582913,0.0254855873666072,0.0254855873666072
0.36,0.25,0.75,1,57,57,43,43,0.0255275638968335,0.0254696542528511,0.0254696542528511
0.37,0.25,0.75,1,58,58,44,44,0.0239650433951961,0.0257129350320704,0.0257129350320704
0.38,0.25,0.75,1,58,58,44,44,0.0238663873076906,0.0257933598862351,0.0257933598862351
0.39,0.25,0.75,1,59,59,45,45,0.0245313322089511,0.025823443875234,0.025823443875234
0.4,0.25,0.75,1,60,60,45,45,0.0254771320474898,0.0260935588696362,0.0260935588696362
0.41,0.25,0.75,1,60,60,45,45,0.0257386842876315,0.0264200254542743,0.0264200254542743
0.42,0.25,0.75,1,60,60,45,45,0.0260208554358225,0.0267882380449428,0.0267882380449428
0.43,0.25,0.75,1,61,61,46,46,0.0272158575664975,0.0272303382293347,0.0272303382293347
0.44,0.25,0.75,1,61,61,46,46,0.0275268341519631,0.0276048947127756,0.0276048947127756
0.45,0.25,0.75,1,61,61,46,46,0.0277942179156271,0.0279632113935202,0.0279632113935202
0.46,0.25,0.75,1,62,62,47,47,0.0290322525043627,0.028247467161913,0.028247467161913
0.47,0.25,0.75,1,62,62,47,47,0.0292094485552753,0.0285241928888243,0.0285241928888243
0.48,0.25,0.75,1,62,62,47,47,0.0293363305590777,0.0287317546414277,0.0287317546414277
0.49,0.25,0.75,1,62,62,47,47,0.0294125643824359,0.0288601940424597,0.0288601940424597
0.5,0.25,0.75,1,62,62,47,47,0.0294379912204655,0.0289036500908946,0.0289036500908946
0.3,0.3,0.75,1,36,36,27,27,0.0262406852622088,0.0260786387023553,0.0260786387023553
0.31,0.3,0.75,1,37,37,28,28,0.0252715281127166,0.0260444393765874,0.0260444393765874
0.32,0.3,0.75,1,37,37,28,28,0.0251213149282302,0.026103707739224,0.026103707739224
0.33,0.3,0.75,1,38,38,29,29,0.0254326578437449,0.0259126079305316,0.0259126079305316
0.34,0.3,0.75,1,38,38,29,29,0.0251765410896215,0.0259956320147785,0.0259956320147785
0.35,0.3,0.75,1,39,39,30,30,0.0255417227643221,0.0263142914204631,0.0263142914204631
0.36,0.3,0.75,1,39,39,30,30,0.0253893732316598,0.0264343783823807,0.0264343783823807
0.37,0.3,0.75,1,40,40,30,30,0.0249711696957666,0.0265593283407359,0.0265593283407359
0.38,0.3,0.75,1,40,40,30,30,0.0253279360426404,0.0266796464354709,0.0266796464354709
0.39,0.3,0.75,1,41,41,31,31,0.0270644881220349,0.0267640289114986,0.0267640289114986
0.4,0.3,0.75,1,41,41,31,31,0.0275036809370881,0.0268235871871763,0.0268235871871763
0.41,0.3,0.75,1,41,41,31,31,0.0279254711472374,0.0268477367041589,0.0268477367041589
0.42,0.3,0.75,1,42,42,32,32,0.0298275732920218,0.0261247650137335,0.0261247650137335
0.43,0.3,0.75,1,42,42,32,32,0.030207726104521,0.0259390542302123,0.0259390542302123
0.44,0.3,0.75,1,42,42,32,32,0.0305423194166843,0.0257078160816472,0.0257078160816472
0.45,0.3,0.75,1,42,42,32,32,0.030828464058462,0.0254485720720084,0.0254485720720084
0.46,0.3,0.75,1,43,43,33,33,0.0246874711759396,0.0251979058542661,0.0251979058542661
0.47,0.3,0.75,1,43,43,33,33,0.0241918569677119,0.0249517613326573,0.0249517613326573
0.48,0.3,0.75,1,43,43,33,33,0.0238063427911988,0.0247540136401032,0.0247540136401032
0.49,0.3,0.75,1,43,43,33,33,0.02356187315518,0.0246259306120094,0.0246259306120094
0.5,0.3,0.75,1,43,43,33,33,0.0234781329407651,0.0245815948269642,0.0245815948269642
0.3,0.15,0.25,3,276,92,69,23,0.0234107947170403,0.023576920253279,0.0235767225634473
0.31,0.15,0.25,3,282,94,72,24,0.0238967217317679,0.0236405796778288,0.0236405530000262
0.32,0.15,0.25,3,288,96,72,24,0.023457707174958,0.0237298330936605,0.0237298227547567
0.33,0.15,0.25,3,294,98,75,25,0.024158940580124,0.0238797014413257,0.0238797044280884
0.34,0.15,0.25,3,300,100,75,25,0.0240994070176671,0.0239725863382043,0.0239725874735481
0.35,0.15,0.25,3,306,102,78,26,0.0238079525075268,0.024066504128633,0.02406650425831
0.36,0.15,0.25,3,309,103,78,26,0.0241456071008786,0.0241466711813357,0.0241466712239691
0.37,0.15,0.25,3,315,105,81,27,0.0240922280170191,0.0242196563584571,0.0242196563705582
0.38,0.15,0.25,3,318,106,81,27,0.0244261449179679,0.0242974255441351,0.0242974255477756
0.39,0.15,0.25,3,321,107,81,27,0.0242382833442566,0.0243774345920154,0.0243774345930779
0.4,0.15,0.25,3,327,109,84,28,0.0246817808620866,0.0244703312142282,0.0244703312142939
0.41,0.15,0.25,3,330,110,84,28,0.0245710396479668,0.0245275413812147,0.0245275413812312
0.42,0.15,0.25,3,333,111,84,28,0.0244015215081404,0.0245694506968419,0.0245694506968459
0.43,0.15,0.25,3,336,112,84,28,0.0248411279963579,0.0245930227909103,0.0245930227909112
0.44,0.15,0.25,3,336,112,84,28,0.0251482199062215,0.0246011940952821,0.0246011940952823
0.45,0.15,0.25,3,339,113,87,29,0.0251135896710697,0.0246404146813631,0.0246404146813631
0.46,0.15,0.25,3,342,114,87,29,0.0242838971319113,0.024664205990755,0.024664205990755
0.47,0.15,0.25,3,342,114,87,29,0.0241566644504719,0.0246982737778281,0.0246982737778281
0.48,0.15,0.25,3,345,115,87,29,0.0244538199832958,0.0247426581900903,0.0247426581900903
0.49,0.15,0.25,3,345,115,87,29,0.0245688031920046,0.0247911421068947,0.0247911421068947
0.5,0.15,0.25,3,345,115,87,29,0.0246485230327244,0.0248354024468401,0.0248354024468401
0.3,0.2,0.25,3,153,51,39,13,0.0232664253374076,0.0229102952427506,0.0228243701622399
0.31,0.2,0.25,3,156,52,39,13,0.0237573872845549,0.0230790574690409,0.0230232105239449
0.32,0.2,0.25,3,159,53,42,14,0.0238225175737313,0.0233251457158593,0.0232909555425973
0.33,0.2,0.25,3,162,54,42,14,0.0231543847164407,0.0234936704973862,0.023472724063571
0.34,0.2,0.25,3,165,55,42,14,0.0238832900870292,0.0236425278598765,0.023629909041445
0.35,0.2,0.25,3,168,56,42,14,0.0234326966749531,0.0237768173090775,0.0237693420065118
0.36,0.2,0.25,3,171,57,45,15,0.023590172130684,0.0237869756418821,0.0237856308702216
0.37,0.2,0.25,3,174,58,45,15,0.02410113481141,0.0239277034322938,0.0239269746627427
0.38,0.2,0.25,3,177,59,45,15,0.0237898344698466,0.024067488764449,0.0240671013695682
0.39,0.2,0.25,3,180,60,45,15,0.0245938178235662,0.0241989772805868,0.0241987753206373
0.4,0.2,0.25,3,180,60,45,15,0.0247612684149899,0.0243125787358228,0.0243124755024224
0.41,0.2,0.25,3,183,61,48,16,0.0245559561022747,0.0243118879171737,0.0243118363392016
0.42,0.2,0.25,3,186,62,48,16,0.0243609129461079,0.0243602705994392,0.024360246000856
0.43,0.2,0.25,3,186,62,48,16,0.0245323584114761,0.0243989030808495,0.0243988916083939
0.44,0.2,0.25,3,189,63,48,16,0.0255258932469422,0.0244316155658114,0.0244316103354623
0.45,0.2,0.25,3,189,63,48,16,0.025854128722674,0.0244630295290332,0.0244630271990515
0.46,0.2,0.25,3,189,63,48,16,0.0261458641564285,0.0244970703526975,0.0244970693389445
0.47,0.2,0.25,3,192,64,48,16,0.0238109204665775,0.024535827202851,0.0245358267722574
0.48,0.2,0.25,3,192,64,48,16,0.0237309644236884,0.024579773011054,0.0245797728325942
0.49,0.2,0.25,3,192,64,48,16,0.0237352341772369,0.0246294264945707,0.0246294264224414
0.5,0.2,0.25,3,195,65,51,17,0.024385018316138,0.0247803111131697,0.0247803111408572
0.3,0.25,0.25,3,93,31,24,8,0.0229400955761229,0.0222068476230639,0.0212840639037811
0.31,0.25,0.25,3,96,32,24,8,0.022224705971758,0.0224223732609075,0.0216941156922217
0.32,0.25,0.25,3,99,33,27,9,0.0230775167073058,0.022590987084929,0.0220106176294722
0.33,0.25,0.25,3,102,34,27,9,0.0233226198988976,0.0227480377395107,0.022311945229202
0.34,0.25,0.25,3,102,34,27,9,0.0233735671399318,0.0229073385777814,0.0225839148977627
0.35,0.25,0.25,3,105,35,27,9,0.0242155829490922,0.0230634792553487,0.022826641793561
0.36,0.25,0.25,3,108,36,27,9,0.0234267551530826,0.0232108769296429,0.0230395636899435
0.37,0.25,0.25,3,108,36,27,9,0.0235717212038023,0.0233460352717772,0.0232235820195708
0.38,0.25,0.25,3,111,37,30,10,0.0230277806340293,0.0237329661148674,0.0236577839257472
0.39,0.25,0.25,3,111,37,30,10,0.0231360039359676,0.0238727151965826,0.0238211083172242
0.4,0.25,0.25,3,114,38,30,10,0.0244692103907785,0.0240183580492568,0.023983419002951
0.41,0.25,0.25,3,114,38,30,10,0.0247798749583461,0.024172428499742,0.0241491011310085
0.42,0.25,0.25,3,117,39,30,10,0.0243163935159711,0.0243358041189275,0.0243204472156041
0.43,0.25,0.25,3,117,39,30,10,0.0241586873600337,0.0245080278564719,0.0244980611742028
0.44,0.25,0.25,3,120,40,30,10,0.0238486545647501,0.0246875349990201,0.0246811592864056
0.45,0.25,0.25,3,120,40,30,10,0.0239781477803691,0.0248716846829832,0.0248676653138645
0.46,0.25,0.25,3,120,40,30,10,0.0241333781677085,0.0250567054045054,0.0250542087624221
0.47,0.25,0.25,3,120,40,30,10,0.0242994993772029,0.0252377612008671,0.0252362334955928
0.48,0.25,0.25,3,123,41,33,11,0.0258304171240203,0.0253721488457339,0.0253715409918071
0.49,0.25,0.25,3,123,41,33,11,0.0260029933322608,0.0255314487302824,0.0255311018496943
0.5,0.25,0.25,3,123,41,33,11,0.0261301565344997,0.0256691129011877,0.0256689184305244
0.3,0.3,0.25,3,63,21,18,6,0.0214205301562233,0.021301800885005,0.0173950896045815
0.31,0.3,0.25,3,66,22,18,6,0.0225166777522496,0.0216503297640027,0.0182052975901052
0.32,0.3,0.25,3,66,22,18,6,0.0225933701240839,0.0219706557811447,0.0189606394565531
0.33,0.3,0.25,3,69,23,18,6,0.0237118520463245,0.0222683512187419,0.0196618046353715
0.34,0.3,0.25,3,69,23,18,6,0.0238127460035148,0.0225489916125199,0.020311314997512
0.35,0.3,0.25,3,72,24,18,6,0.02306334360035,0.0228179863870087,0.0209130998205034
0.36,0.3,0.25,3,72,24,18,6,0.022979012228687,0.0230802384874315,0.0214719015014871
0.37,0.3,0.25,3,75,25,21,7,0.0239735082149054,0.0231569872316674,0.0220658085307105
0.38,0.3,0.25,3,75,25,21,7,0.0242865440749393,0.0234386247774764,0.0225533865524515
0.39,0.3,0.25,3,75,25,21,7,0.024626688920147,0.0237318781211883,0.0230204086709228
0.4,0.3,0.25,3,78,26,21,7,0.0243586928441506,0.0240374278239854,0.0234708758871494
0.41,0.3,0.25,3,78,26,21,7,0.024250349824744,0.024354113800676,0.0239070729066642
0.42,0.3,0.25,3,78,26,21,7,0.0241269177527583,0.0246791852335877,0.0243296486315858
0.43,0.3,0.25,3,81,27,21,7,0.0240720608882932,0.0250085653908263,0.0247377559711854
0.44,0.3,0.25,3,81,27,21,7,0.0243543746094563,0.0253370983526241,0.0251292147737517
0.45,0.3,0.25,3,81,27,21,7,0.0246369394482511,0.0256587885022407,0.0255007030218508
0.46,0.3,0.25,3,84,28,21,7,0.0270382317561413,0.0259670694178657,0.025848005910999
0.47,0.3,0.25,3,84,28,21,7,0.0273191358588833,0.0262551388086544,0.0261663522290805
0.48,0.3,0.25,3,84,28,21,7,0.0275595977292507,0.0265163755381077,0.0264508474545776
0.49,0.3,0.25,3,84,28,21,7,0.0277557902957,0.026744825845582,0.0266969851360613
0.5,0.3,0.25,3,84,28,21,7,0.027905366437648,0.02693572058884,0.0269011940800986
0.3,0.15,0.5,3,276,92,138,46,0.0234107947170403,0.023614036171178,0.023614036171178
0.31,0.15,0.5,3,282,94,141,47,0.0238967217317679,0.0236872988824384,0.0236872988824384
0.32,0.15,0.5,3,288,96,144,48,0.023457707174958,0.023751872459383,0.023751872459383
0.33,0.15,0.5,3,294,98,147,49,0.024158940580124,0.023906262044959,0.023906262044959
0.34,0.15,0.5,3,300,100,150,50,0.0240994070176671,0.0239564915797105,0.0239564915797105
0.35,0.15,0.5,3,306,102,153,51,0.0238079525075268,0.0240876144465745,0.0240876144465745
0.36,0.15,0.5,3,309,103,156,52,0.0241456071008786,0.0241435895331732,0.0241435895331732
0.37,0.15,0.5,3,315,105,159,53,0.0240922280170191,0.0242529387735292,0.0242529387735292
0.38,0.15,0.5,3,318,106,159,53,0.0244261449179679,0.024332742012442,0.024332742012442
0.39,0.15,0.5,3,321,107,162,54,0.0242382833442566,0.0243933364818511,0.0243933364818511
0.4,0.15,0.5,3,327,109,165,55,0.0246817808620866,0.0244977138976997,0.0244977138976997
0.41,0.15,0.5,3,330,110,165,55,0.0245710396479668,0.0245761415256207,0.0245761415256207
0.42,0.15,0.5,3,333,111,168,56,0.0244015215081404,0.0246237824623932,0.0246237824623932
0.43,0.15,0.5,3,336,112,168,56,0.0248411279963579,0.0246641849202711,0.0246641849202711
0.44,0.15,0.5,3,336,112,168,56,0.0251482199062215,0.0246713132605991,0.0246713132605991
0.45,0.15,0.5,3,339,113,171,57,0.0251135896710697,0.0246830320006927,0.0246830320006927
0.46,0.15,0.5,3,342,114,171,57,0.0242838971319113,0.0246608342455042,0.0246608342455042
0.47,0.15,0.5,3,342,114,171,57,0.0241566644504719,0.0246541432035221,0.0246541432035221
0.48,0.15,0.5,3,345,115,174,58,0.0244538199832958,0.0246844116364664,0.0246844116364664
0.49,0.15,0.5,3,345,115,174,58,0.0245688031920046,0.0247370425991696,0.0247370425991696
0.5,0.15,0.5,3,345,115,174,58,0.0246485230327244,0.0248042986721761,0.0248042986721761
0.3,0.2,0.5,3,153,51,78,26,0.0232664253374076,0.022898142606497,0.022898142606497
0.31,0.2,0.5,3,156,52,78,26,0.0237573872845549,0.0231319914797198,0.0231319914797198
0.32,0.2,0.5,3,159,53,81,27,0.0238225175737313,0.0233097931832445,0.0233097931832445
0.33,0.2,0.5,3,162,54,81,27,0.0231543847164407,0.0234678066542341,0.0234678066542341
0.34,0.2,0.5,3,165,55,84,28,0.0238832900870292,0.0236293202314951,0.0236293202314951
0.35,0.2,0.5,3,168,56,84,28,0.0234326966749531,0.0237633512337205,0.0237633512337205
0.36,0.2,0.5,3,171,57,87,29,0.023590172130684,0.0238047262345378,0.0238047262345378
0.37,0.2,0.5,3,174,58,87,29,0.02410113481141,0.0239368687836832,0.0239368687836832
0.38,0.2,0.5,3,177,59,90,30,0.0237898344698466,0.0241475759793751,0.0241475759793751
0.39,0.2,0.5,3,180,60,90,30,0.0245938178235662,0.0242626964409933,0.0242626964409933
0.4,0.2,0.5,3,180,60,90,30,0.0247612684149899,0.0243685708915219,0.0243685708915219
0.41,0.2,0.5,3,183,61,93,31,0.0245559561022747,0.0244528755009035,0.0244528755009035
0.42,0.2,0.5,3,186,62,93,31,0.0243609129461079,0.0245325656437966,0.0245325656437966
0.43,0.2,0.5,3,186,62,93,31,0.0245323584114761,0.0245851691159204,0.0245851691159204
0.44,0.2,0.5,3,189,63,96,32,0.0255258932469422,0.0246087235946923,0.0246087235946923
0.45,0.2,0.5,3,189,63,96,32,0.025854128722674,0.0246252161679613,0.0246252161679613
0.46,0.2,0.5,3,189,63,96,32,0.0261458641564285,0.0246282628118397,0.0246282628118397
0.47,0.2,0.5,3,192,64,96,32,0.0238109204665775,0.0246231174933441,0.0246231174933441
0.48,0.2,0.5,3,192,64,96,32,0.0237309644236884,0.0246159336480317,0.0246159336480317
0.49,0.2,0.5,3,192,64,96,32,0.0237352341772369,0.0246141550639139,0.0246141550639139
0.5,0.2,0.5,3,195,65,99,33,0.024385018316138,0.0245050667306443,0.0245050667306443
0.3,0.25,0.5,3,93,31,48,16,0.0229400955761229,0.0220795969164069,0.0222421201796671
0.31,0.25,0.5,3,96,32,48,16,0.022224705971758,0.0223303131567387,0.0224396521984433
0.32,0.25,0.5,3,99,33,51,17,0.0230775167073058,0.0225599215143247,0.0226110022446971
0.33,0.25,0.5,3,102,34,51,17,0.0233226198988976,0.0227864897591069,0.0228187999523422
0.34,0.25,0.5,3,102,34,51,17,0.0233735671399318,0.0229996218312677,0.0230195597347723
0.35,0.25,0.5,3,105,35,54,18,0.0242155829490922,0.0231657956454908,0.023169817423576
0.36,0.25,0.5,3,108,36,54,18,0.0234267551530826,0.0233342334191628,0.0233366141587515
0.37,0.25,0.5,3,108,36,54,18,0.0235717212038023,0.0234854158152617,0.0234867897000574
0.38,0.25,0.5,3,111,37,57,19,0.0230277806340293,0.0237459807397446,0.0237459807397446
0.39,0.25,0.5,3,111,37,57,19,0.0231360039359676,0.0238794507322443,0.0238794507322443
0.4,0.25,0.5,3,114,38,57,19,0.0244692103907785,0.0240078765149643,0.0240078765149643
0.41,0.25,0.5,3,114,38,57,19,0.0247798749583461,0.0241355153571204,0.0241355153571204
0.42,0.25,0.5,3,117,39,60,20,0.0243163935159711,0.0242327037544828,0.0242327037544828
0.43,0.25,0.5,3,117,39,60,20,0.0241586873600337,0.0243778849165499,0.0243778849165499
0.44,0.25,0.5,3,120,40,60,20,0.0238486545647501,0.0245355326168607,0.0245355326168607
0.45,0.25,0.5,3,120,40,60,20,0.0239781477803691,0.0247091510374968,0.0247091510374968
0.46,0.25,0.5,3,120,40,60,20,0.0241333781677085,0.0248986325096334,0.0248986325096334
0.47,0.25,0.5,3,120,40,60,20,0.0242994993772029,0.0250995380907614,0.0250995380907614
0.48,0.25,0.5,3,123,41,63,21,0.0258304171240203,0.0253753695666931,0.0253753695666931
0.49,0.25,0.5,3,123,41,63,21,0.0260029933322608,0.0255678570516299,0.0255678570516299
0.5,0.25,0.5,3,123,41,63,21,0.0261301565344997,0.0257388306373786,0.0257388306373786
0.3,0.3,0.5,3,63,21,33,11,0.0214205301562233,0.0213161412275064,0.0196852809051913
0.31,0.3,0.5,3,66,22,33,11,0.0225166777522496,0.0216241219333191,0.0203405648962906
0.32,0.3,0.5,3,66,22,33,11,0.0225933701240839,0.0218998498208782,0.0209043947891538
0.33,0.3,0.5,3,69,23,36,12,0.0237118520463245,0.0223851474087974,0.022568849056307
0.34,0.3,0.5,3,69,23,36,12,0.0238127460035148,0.0226190274235772,0.0227769396382796
0.35,0.3,0.5,3,72,24,36,12,0.02306334360035,0.0228483246554062,0.022978791205199
0.36,0.3,0.5,3,72,24,36,12,0.022979012228687,0.0230787396006468,0.0231829333595195
0.37,0.3,0.5,3,75,25,39,13,0.0239735082149054,0.023134018646347,0.0232613658455753
0.38,0.3,0.5,3,75,25,39,13,0.0242865440749393,0.0234009193743531,0.0234891519594079
0.39,0.3,0.5,3,75,25,39,13,0.024626688920147,0.023691972885567,0.0237519328219225
0.4,0.3,0.5,3,78,26,39,13,0.0243586928441506,0.0240078609705634,0.0240478287162487
0.41,0.3,0.5,3,78,26,39,13,0.024250349824744,0.0243465596490827,0.0243726920903718
0.42,0.3,0.5,3,78,26,39,13,0.0241269177527583,0.0247037497265566,0.0247205091957623
0.43,0.3,0.5,3,81,27,42,14,0.0240720608882932,0.0251069143972733,0.0251100860471481
0.44,0.3,0.5,3,81,27,42,14,0.0243543746094563,0.0254462863535042,0.0254482369745724
0.45,0.3,0.5,3,81,27,42,14,0.0246369394482511,0.0257883400420383,0.025789514686271
0.46,0.3,0.5,3,84,28,42,14,0.0270382317561413,0.0261262402899584,0.0261269327337769
0.47,0.3,0.5,3,84,28,42,14,0.0273191358588833,0.0264517396253126,0.0264521390964311
0.48,0.3,0.5,3,84,28,42,14,0.0275595977292507,0.0267557926031136,0.0267560180609908
0.49,0.3,0.5,3,84,28,42,14,0.0277557902957,0.0270293952516044,0.0270295196914167
0.5,0.3,0.5,3,84,28,42,14,0.027905366437648,0.0272645169396917,0.0272645840794041
0.3,0.15,0.75,3,276,92,207,69,0.0234107947170403,0.0236084246564098,0.0236084246564098
0.31,0.15,0.75,3,282,94,213,71,0.0238967217317679,0.0236863556842125,0.0236863556842125
0.32,0.15,0.75,3,288,96,216,72,0.023457707174958,0.0237633919773995,0.0237633919773995
0.33,0.15,0.75,3,294,98,222,74,0.024158940580124,0.023896293408525,0.023896293408525
0.34,0.15,0.75,3,300,100,225,75,0.0240994070176671,0.0239624246227772,0.0239624246227772
0.35,0.15,0.75,3,306,102,231,77,0.0238079525075268,0.0240828659779744,0.0240828659779744
0.36,0.15,0.75,3,309,103,234,78,0.0241456071008786,0.0241613172570734,0.0241613172570734
0.37,0.15,0.75,3,315,105,237,79,0.0240922280170191,0.024257523347571,0.024257523347571
0.38,0.15,0.75,3,318,106,240,80,0.0244261449179679,0.0243253623315035,0.0243253623315035
0.39,0.15,0.75,3,321,107,243,81,0.0242382833442566,0.0244396063221791,0.0244396063221791
0.4,0.15,0.75,3,327,109,246,82,0.0246817808620866,0.0245127171401839,0.0245127171401839
0.41,0.15,0.75,3,330,110,249,83,0.0245710396479668,0.0245926381886279,0.0245926381886279
0.42,0.15,0.75,3,333,111,252,84,0.0244015215081404,0.0246362236456386,0.0246362236456386
0.43,0.15,0.75,3,336,112,252,84,0.0248411279963579,0.024678470312228,0.024678470312228
0.44,0.15,0.75,3,336,112,252,84,0.0251482199062215,0.0246875306542948,0.0246875306542948
0.45,0.15,0.75,3,339,113,255,85,0.0251135896710697,0.0247075359800363,0.0247075359800363
0.46,0.15,0.75,3,342,114,258,86,0.0242838971319113,0.0246815521201603,0.0246815521201603
0.47,0.15,0.75,3,342,114,258,86,0.0241566644504719,0.0246611820596594,0.0246611820596594
0.48,0.15,0.75,3,345,115,261,87,0.0244538199832958,0.0246850796922657,0.0246850796922657
0.49,0.15,0.75,3,345,115,261,87,0.0245688031920046,0.0247485550951831,0.0247485550951831
0.5,0.15,0.75,3,345,115,261,87,0.0246485230327244,0.0248339971880439,0.0248339971880439
0.3,0.2,0.75,3,153,51,117,39,0.0232664253374076,0.022873822742714,0.022873822742714
0.31,0.2,0.75,3,156,52,117,39,0.0237573872845549,0.0230946602428847,0.0230946602428847
0.32,0.2,0.75,3,159,53,120,40,0.0238225175737313,0.023327101246369,0.023327101246369
0.33,0.2,0.75,3,162,54,123,41,0.0231543847164407,0.0235724214099519,0.0235724214099519
0.34,0.2,0.75,3,165,55,126,42,0.0238832900870292,0.0236597592714233,0.0236597592714233
0.35,0.2,0.75,3,168,56,126,42,0.0234326966749531,0.0237857056411898,0.0237857056411898
0.36,0.2,0.75,3,171,57,129,43,0.023590172130684,0.0240075589444505,0.0240075589444505
0.37,0.2,0.75,3,174,58,132,44,0.02410113481141,0.024068478511176,0.024068478511176
0.38,0.2,0.75,3,177,59,135,45,0.0237898344698466,0.0241551569254792,0.0241551569254792
0.39,0.2,0.75,3,180,60,135,45,0.0245938178235662,0.0242789286239538,0.0242789286239538
0.4,0.2,0.75,3,180,60,135,45,0.0247612684149899,0.0243928076400639,0.0243928076400639
0.41,0.2,0.75,3,183,61,138,46,0.0245559561022747,0.0245063502540564,0.0245063502540564
0.42,0.2,0.75,3,186,62,141,47,0.0243609129461079,0.0245020227272125,0.0245020227272125
0.43,0.2,0.75,3,186,62,141,47,0.0245323584114761,0.024529080737247,0.024529080737247
0.44,0.2,0.75,3,189,63,144,48,0.0255258932469422,0.0245594255209734,0.0245594255209734
0.45,0.2,0.75,3,189,63,144,48,0.025854128722674,0.0245330513407388,0.0245330513407388
0.46,0.2,0.75,3,189,63,144,48,0.0261458641564285,0.0244931865868939,0.0244931865868939
0.47,0.2,0.75,3,192,64,144,48,0.0238109204665775,0.0244515384364943,0.0244515384364943
0.48,0.2,0.75,3,192,64,144,48,0.0237309644236884,0.0244220618636433,0.0244220618636433
0.49,0.2,0.75,3,192,64,144,48,0.0237352341772369,0.0244183240879702,0.0244183240879702
0.5,0.2,0.75,3,195,65,147,49,0.024385018316138,0.0244624906637492,0.0244624906637492
0.3,0.25,0.75,3,93,31,72,24,0.0229400955761229,0.021836023596788,0.021836023596788
0.31,0.25,0.75,3,96,32,72,24,0.022224705971758,0.0221369883140014,0.0221369883140014
0.32,0.25,0.75,3,99,33,75,25,0.0230775167073058,0.0224454357867724,0.0224454357867724
0.33,0.25,0.75,3,102,34,78,26,0.0233226198988976,0.0227400741327327,0.0227400741327327
0.34,0.25,0.75,3,102,34,78,26,0.0233735671399318,0.0229555092371494,0.0229555092371494
0.35,0.25,0.75,3,105,35,81,27,0.0242155829490922,0.0231135837256266,0.0231135837256266
0.36,0.25,0.75,3,108,36,81,27,0.0234267551530826,0.0233230554684367,0.0233230554684367
0.37,0.25,0.75,3,108,36,81,27,0.0235717212038023,0.0235075180105924,0.0235075180105924
0.38,0.25,0.75,3,111,37,84,28,0.0230277806340293,0.0236451999375444,0.0236451999375444
0.39,0.25,0.75,3,111,37,84,28,0.0231360039359676,0.0237974386174494,0.0237974386174494
0.4,0.25,0.75,3,114,38,87,29,0.0244692103907785,0.0239822221021368,0.0239822221021368
0.41,0.25,0.75,3,114,38,87,29,0.0247798749583461,0.0241188624165937,0.0241188624165937
0.42,0.25,0.75,3,117,39,90,30,0.0243163935159711,0.0242566560274566,0.0242566560274566
0.43,0.25,0.75,3,117,39,90,30,0.0241586873600337,0.0244079114261397,0.0244079114261397
0.44,0.25,0.75,3,120,40,90,30,0.0238486545647501,0.02457402343642,0.02457402343642
0.45,0.25,0.75,3,120,40,90,30,0.0239781477803691,0.0247588846610177,0.0247588846610177
0.46,0.25,0.75,3,120,40,90,30,0.0241333781677085,0.0249625103069147,0.0249625103069147
0.47,0.25,0.75,3,120,40,90,30,0.0242994993772029,0.0251798243249753,0.0251798243249753
0.48,0.25,0.75,3,123,41,93,31,0.0258304171240203,0.025392272362051,0.025392272362051
0.49,0.25,0.75,3,123,41,93,31,0.0260029933322608,0.0256065872941098,0.0256065872941098
0.5,0.25,0.75,3,123,41,93,31,0.0261301565344997,0.0258000430321611,0.0258000430321611
0.3,0.3,0.75,3,63,21,48,16,0.0214205301562233,0.0206219167161132,0.0206219167161132
0.31,0.3,0.75,3,66,22,51,17,0.0225166777522496,0.0224212415083133,0.0224212415083133
0.32,0.3,0.75,3,66,22,51,17,0.0225933701240839,0.0225695746018332,0.0225695746018332
0.33,0.3,0.75,3,69,23,54,18,0.0237118520463245,0.0227181688883016,0.0227181688883016
0.34,0.3,0.75,3,69,23,54,18,0.0238127460035148,0.0228268755460568,0.0228268755460568
0.35,0.3,0.75,3,72,24,54,18,0.02306334360035,0.0229652328644907,0.0229652328644907
0.36,0.3,0.75,3,72,24,54,18,0.022979012228687,0.0231322606949478,0.0231322606949478
0.37,0.3,0.75,3,75,25,57,19,0.0239735082149054,0.0234276244168313,0.0234276244168313
0.38,0.3,0.75,3,75,25,57,19,0.0242865440749393,0.0236894144481367,0.0236894144481367
0.39,0.3,0.75,3,75,25,57,19,0.024626688920147,0.023965283727396,0.023965283727396
0.4,0.3,0.75,3,78,26,60,20,0.0243586928441506,0.0241785005963598,0.0241785005963598
0.41,0.3,0.75,3,78,26,60,20,0.024250349824744,0.0244671784003396,0.0244671784003396
0.42,0.3,0.75,3,78,26,60,20,0.0241269177527583,0.0247837441520651,0.0247837441520651
0.43,0.3,0.75,3,81,27,63,21,0.0240720608882932,0.0252159855501922,0.0252159855501922
0.44,0.3,0.75,3,81,27,63,21,0.0243543746094563,0.0255350418536292,0.0255350418536292
0.45,0.3,0.75,3,81,27,63,21,0.0246369394482511,0.0258702007603445,0.0258702007603445
0.46,0.3,0.75,3,84,28,63,21,0.0270382317561413,0.0262125987914213,0.0262125987914213
0.47,0.3,0.75,3,84,28,63,21,0.0273191358588833,0.0265510750819571,0.0265510750819571
0.48,0.3,0.75,3,84,28,63,21,0.0275595977292507,0.0268732379677412,0.0268732379677412
0.49,0.3,0.75,3,84,28,63,21,0.0277557902957,0.0271668452749037,0.0271668452749037
0.5,0.3,0.75,3,84,28,63,21,0.027905366437648,0.0274212228068253,0.0274212228068253
