"p","N","prob"
0.1,222,0.00260219331423325
0.1,230,0.00117098699140496
0.1,236,0.000495655869377763
0.1,244,0.000197761685256784
0.15,100,0.000425513817039239
0.15,104,0.00112713835809808
0.15,112,0.00314935717703876
0.15,122,0.00746318255399101
0.15,258,0.00580632364550051
0.15,264,0.00311492186158616
0.15,270,0.00158565026890698
0.15,276,0.000766915816334095
0.15,282,0.000352845722220939
0.15,288,0.000154593663285442
0.2,122,0.000199023298602061
0.2,130,0.00057841146156224
0.25,156,0.000256417223530802
0.25,166,0.000633920358173371
0.25,174,0.00143038439792966
0.25,182,0.00296293910999715
0.3,182,0.000100791280052626
0.3,190,0.000247658573843596
0.3,198,0.000563865502947472
0.3,206,0.00119406812388876
0.3,214,0.00235970605435161
0.3,222,0.00436456909301124
0.3,230,0.00757564492572666
0.35,222,0.000201823169802158
0.35,230,0.000440129758760859
0.35,236,0.000902830274381251
0.35,244,0.00174568231375116
0.35,250,0.00318776770337169
0.35,258,0.00550707305165819
0.35,264,0.00901465496456071
0.4,250,0.00014475023082867
0.4,258,0.000309604660503435
0.4,264,0.000627465445833669
0.4,270,0.00120666432127646
0.4,276,0.00220476938687218
0.4,282,0.00383209921045266
0.4,288,0.00634278504169588
0.4,292,0.0100075057908179
0.45,282,0.000197239791673475
0.45,288,0.000400691601181604
0.45,292,0.000775968393031518
0.45,298,0.00143383842505252
0.45,302,0.00253019339080281
0.45,306,0.00426731468252468
0.45,310,0.00688388403083668
0.45,314,0.0106293653975351
0.45,318,0.0157212640828972
0.45,322,0.0222889876920266
0.5,298,0.000104641828426416
0.5,302,0.00022563394254446
0.5,306,0.000464942669485555
0.5,310,0.000916210554574476
0.5,314,0.0017277113314833
0.5,318,0.00311947879295596
0.5,322,0.00539585520943734
0.5,326,0.00894575995248822
0.5,328,0.0142214645398531
0.5,332,0.0216877334232759
0.55,282,0.000197239791673475
0.55,288,0.000400691601181605
0.55,292,0.000775968393031521
0.55,298,0.00143383842505253
0.55,302,0.00253019339080282
0.55,306,0.0042673146825247
0.55,310,0.0068838840308367
0.55,314,0.0106293653975351
0.55,318,0.0157212640828972
0.55,322,0.0222889876920267
0.6,250,0.00014475023082867
0.6,258,0.000309604660503435
0.6,264,0.000627465445833669
0.6,270,0.00120666432127646
0.6,276,0.00220476938687218
0.6,282,0.00383209921045266
0.6,288,0.00634278504169588
0.6,292,0.0100075057908179
0.65,222,0.000201823169802158
0.65,230,0.000440129758760859
0.65,236,0.000902830274381251
0.65,244,0.00174568231375116
0.65,250,0.00318776770337169
0.65,258,0.00550707305165819
0.65,264,0.00901465496456071
0.7,182,0.000100791280052626
0.7,190,0.000247658573843595
0.7,198,0.00056386550294747
0.7,206,0.00119406812388876
0.7,214,0.0023597060543516
0.7,222,0.00436456909301123
0.7,230,0.00757564492572663
0.75,156,0.000256417223530802
0.75,166,0.000633920358173372
0.75,174,0.00143038439792966
0.75,182,0.00296293910999715
0.8,122,0.000199023298602061
0.8,130,0.00057841146156224
0.85,100,0.000425513817039238
0.85,104,0.00112713835809808
0.85,112,0.00314935717703875
0.85,122,0.007463182553991
0.85,258,0.00580632364550051
0.85,264,0.00311492186158616
0.85,270,0.00158565026890698
0.85,276,0.000766915816334095
0.85,282,0.000352845722220939
0.85,288,0.000154593663285442
0.9,222,0.00260219331423325
0.9,230,0.00117098699140496
0.9,236,0.000495655869377762
0.9,244,0.000197761685256784
